th-yoo@yoo-dev:~/z2/meta-harness/term-bench2
$ python3 runner.py prep --apply
[21:08:16] Running host setup (requires sudo)...
Reading package lists... Done
Building dependency tree... Done
Reading state information... Done
bc is already the newest version (1.07.1-3ubuntu4).
bc set to manually installed.
build-essential is already the newest version (12.10ubuntu1).
ca-certificates is already the newest version (20260601~24.04.1).
ca-certificates set to manually installed.
curl is already the newest version (8.5.0-2ubuntu10.10).
e2fsprogs is already the newest version (1.47.0-2.4~exp1ubuntu4.1).
e2fsprogs set to manually installed.
g++ is already the newest version (4:13.2.0-7ubuntu1).
gcc is already the newest version (4:13.2.0-7ubuntu1).
gcc set to manually installed.
git is already the newest version (1:2.43.0-1ubuntu7.3).
less is already the newest version (590-2ubuntu2.1).
less set to manually installed.
libgl1 is already the newest version (1.7.0-1build1).
libgl1 set to manually installed.
libglib2.0-0t64 is already the newest version (2.80.0-6ubuntu3.8).
libgomp1 is already the newest version (14.2.0-4ubuntu2~24.04.1).
libgomp1 set to manually installed.
libjpeg-dev is already the newest version (8c-2ubuntu11).
libjpeg-dev set to manually installed.
libsm6 is already the newest version (2:1.2.3-1build3).
libxext6 is already the newest version (2:1.3.4-1build2).
libxrender-dev is already the newest version (1:0.9.10-1.1build1).
nano is already the newest version (7.2-2ubuntu0.2).
nano set to manually installed.
net-tools is already the newest version (2.10-0.1ubuntu4.4).
nodejs is already the newest version (18.19.1+dfsg-6ubuntu5).
nodejs set to manually installed.
openssl is already the newest version (3.0.13-0ubuntu3.11).
python3 is already the newest version (3.12.3-0ubuntu2.1).
python3-pip is already the newest version (24.0+dfsg-1ubuntu1.3).
sqlite3 is already the newest version (3.45.1-1ubuntu2.6).
tmux is already the newest version (3.4-1ubuntu0.1).
unzip is already the newest version (6.0-28ubuntu4.1).
vim is already the newest version (2:9.1.0016-1ubuntu7.17).
vim set to manually installed.
xxd is already the newest version (2:9.1.0016-1ubuntu7.17).
xxd set to manually installed.
zip is already the newest version (3.0-13ubuntu0.2).
zlib1g-dev is already the newest version (1:1.3.dfsg-3.1ubuntu2.1).
The following additional packages will be installed:
  binutils-common binutils-x86-64-linux-gnu dbconfig-common dbconfig-sqlite3 dvisvgm eslint fonts-font-awesome
  fonts-lmodern gfortran gfortran-13 gfortran-13-x86-64-linux-gnu gfortran-x86-64-linux-gnu gsasl-common
  guile-3.0-libs gyp handlebars i965-va-driver intel-media-va-driver ledit libaacs0 libafflib0t64 libass9 libavcodec60
  libavdevice60 libavfilter9 libavformat60 libavutil58 libbdplus0 libbfio1 libbinutils libblas-dev libbluray2 libbs2b0
  libcdio-cdda2t64 libcdio-paranoia2t64 libcdio19t64 libchromaprint1 libcjson1 libcodec2-1.2
  libcompiler-libs-ocaml-dev libcoq-core-ocaml libcoq-stdlib libctf-nobfd0 libctf0 libdate-manip-perl libdav1d7
  libdc1394-25 libewf2 libfindlib-ocaml libfindlib-ocaml-dev libflite1 libgfortran-13-dev libgme0 libgprofng0
  libgsasl18 libgsm1 libgssglue1 libgumbo2 libhwy1t64 libigdgmm12 libjs-async libjs-events libjs-inherits
  libjs-is-typedarray libjs-prettify libjs-regenerate libjs-source-map libjs-sprintf-js libjs-typedarray-to-buffer
  libjs-util libjxl0.7 libkpathsea6 liblapack-dev liblilv-0-0 libllvm17t64 libmailutils9t64 libmbedcrypto7t64 libmujs3
  libmysofa1 libnode-dev libnorm1t64 libnotify-bin libnsl2 libntlm0 libopenal-data libopenal1 libopenmpt0t64
  libpgm-5.3-0t64 libplacebo338 libpocketsphinx3 libpostproc57 libpotrace0 libptexenc1 librabbitmq4 librav1e0
  libreadline-dev librist4 librubberband2 libserd-0-0 libsframe1 libshine3 libsnappy1v5 libsndio7.0 libsord-0-0
  libsoxr0 libsphinxbase3t64 libsratom-0-0 libsrt1.5-gnutls libssh-gcrypt-4 libstd-rust-1.75 libstd-rust-dev
  libstdlib-ocaml libstdlib-ocaml-dev libsvtav1enc1d1 libswresample4 libswscale7 libsynctex2 libteckit0 libtexlua53-5
  libtsk19t64 libudfread0 libunibreak5 libuv1-dev libva-drm2 libva-x11-2 libva2 libvdpau1 libvhdi1 libvidstab1.1
  libvmdk1 libvpl2 libwoff1 libx264-164 libx265-199 libxvidcore4 libzarith-ocaml libzimg2 libzix-0-0 libzmq5
  libzvbi-common libzvbi0t64 libzzip-0-13t64 lmodern mailutils-common mesa-va-drivers mesa-vdpau-drivers mupdf-tools
  ncurses-term nginx-common node-abbrev node-ajv node-ajv-keywords node-ampproject-remapping node-ansi-escapes
  node-ansi-regex node-ansi-styles node-anymatch node-aproba node-archy node-are-we-there-yet node-argparse
  node-arrify node-assert node-async node-async-each node-auto-bind node-babel-helper-define-polyfill-provider
  node-babel-plugin-add-module-exports node-babel-plugin-lodash node-babel-plugin-polyfill-corejs2
  node-babel-plugin-polyfill-corejs3 node-babel-plugin-polyfill-regenerator node-babel7 node-babel7-runtime
  node-balanced-match node-base node-base64-js node-binary-extensions node-brace-expansion node-braces
  node-browserslist node-builtins node-cacache node-cache-base node-camelcase node-caniuse-lite node-chalk
  node-chokidar node-chownr node-chrome-trace-event node-ci-info node-cli-boxes node-cli-cursor node-cli-table
  node-cli-truncate node-cliui node-clone node-clone-deep node-collection-visit node-color-convert node-color-name
  node-colors node-columnify node-commondir node-concat-stream node-console-control-strings node-convert-source-map
  node-copy-concurrently node-core-js node-core-js-compat node-core-js-pure node-core-util-is node-coveralls
  node-css-loader node-css-selector-tokenizer node-data-uri-to-buffer node-debbundle-es-to-primitive node-decamelize
  node-decompress-response node-deep-equal node-deep-is node-defaults node-define-properties node-define-property
  node-defined node-del node-delegates node-depd node-diff node-doctrine node-electron-to-chromium node-encoding
  node-end-of-stream node-enhanced-resolve node-err-code node-errno node-error-ex node-es-abstract
  node-es-module-lexer node-es6-error node-escape-string-regexp node-escodegen node-eslint-scope node-eslint-utils
  node-eslint-visitor-keys node-espree node-esprima node-esquery node-esrecurse node-estraverse node-esutils
  node-events node-fancy-log node-fast-deep-equal node-fast-levenshtein node-fetch node-file-entry-cache
  node-fill-range node-find-cache-dir node-find-up node-flat-cache node-flatted node-for-in node-for-own
  node-foreground-child node-fs-readdir-recursive node-fs-write-stream-atomic node-fs.realpath node-function-bind
  node-functional-red-black-tree node-gauge node-get-caller-file node-get-stream node-get-value node-glob
  node-glob-parent node-globals node-globby node-got node-graceful-fs node-growl node-gyp node-has-flag
  node-has-unicode node-has-value node-has-values node-hosted-git-info node-http-proxy-agent node-iconv-lite
  node-icss-utils node-ieee754 node-iferr node-ignore node-imurmurhash node-indent-string node-inflight node-inherits
  node-ini node-interpret node-ip node-ip-regex node-is-arrayish node-is-binary-path node-is-buffer node-is-descriptor
  node-is-extendable node-is-extglob node-is-glob node-is-number node-is-path-cwd node-is-path-inside
  node-is-plain-obj node-is-plain-object node-is-primitive node-is-stream node-is-typedarray node-is-windows
  node-isarray node-isexe node-isobject node-istanbul node-jest-debbundle node-jest-worker node-js-tokens node-js-yaml
  node-jsesc node-json-buffer node-json-parse-better-errors node-json-schema node-json-schema-traverse
  node-json-stable-stringify node-json5 node-jsonify node-jsonparse node-kind-of node-lcov-parse node-levn
  node-loader-runner node-locate-path node-lodash node-lodash-packages node-log-driver node-lowercase-keys
  node-lru-cache node-make-dir node-map-visit node-memfs node-memory-fs node-merge-stream node-micromatch node-mime
  node-mime-types node-mimic-response node-minimatch node-minimist node-minipass node-mixin-deep node-mkdirp
  node-move-concurrently node-n3 node-negotiator node-neo-async node-nopt node-normalize-package-data
  node-normalize-path node-npm-bundled node-npm-package-arg node-npm-run-path node-npmlog node-object-assign
  node-object-inspect node-object-visit node-once node-opener node-optimist node-optionator node-osenv
  node-p-cancelable node-p-limit node-p-locate node-p-map node-parse-json node-pascalcase node-path-dirname
  node-path-exists node-path-is-absolute node-path-is-inside node-path-type node-picocolors node-pify node-pkg-dir
  node-postcss node-postcss-modules-extract-imports node-postcss-modules-values node-postcss-value-parser
  node-prelude-ls node-process-nextick-args node-progress node-promise-inflight node-promise-retry node-promzard
  node-prr node-pump node-punycode node-quick-lru node-randombytes node-re2 node-read-package-json node-read-pkg
  node-readable-stream node-readdirp node-rechoir node-regenerate node-regenerate-unicode-properties
  node-regenerator-runtime node-regenerator-transform node-regexpp node-regexpu-core node-regjsgen node-regjsparser
  node-repeat-string node-require-directory node-require-from-string node-resolve node-resolve-cwd node-resolve-from
  node-restore-cursor node-resumer node-retry node-rimraf node-run-queue node-safe-buffer node-schema-utils
  node-sellside-emitter node-semver node-serialize-javascript node-set-blocking node-set-immediate-shim node-set-value
  node-shebang-command node-shebang-regex node-shell-quote node-signal-exit node-slash node-slice-ansi
  node-source-list-map node-source-map node-source-map-support node-spdx-correct node-spdx-exceptions
  node-spdx-expression-parse node-spdx-license-ids node-sprintf-js node-ssri node-stack-utils node-string-decoder
  node-string-width node-strip-ansi node-strip-bom node-strip-json-comments node-supports-color node-tap
  node-tap-mocha-reporter node-tap-parser node-tapable node-tape node-tar node-terser node-text-table node-through
  node-time-stamp node-to-fast-properties node-to-regex-range node-tslib node-type-check node-typedarray
  node-typedarray-to-buffer node-unicode-canonical-property-names-ecmascript node-unicode-match-property-ecmascript
  node-unicode-match-property-value-ecmascript node-unicode-property-aliases-ecmascript node-union-value
  node-unique-filename node-unset-value node-uri-js node-util node-util-deprecate node-uuid node-v8-compile-cache
  node-v8flags node-validate-npm-package-license node-validate-npm-package-name node-watchpack node-wcwidth.js
  node-webassemblyjs node-webpack-sources node-which node-wide-align node-widest-line node-wordwrap node-wrap-ansi
  node-wrappy node-write node-write-file-atomic node-y18n node-yallist node-yaml node-yargs node-yargs-parser ocaml
  ocaml-base ocaml-findlib ocaml-interp ocaml-man ocl-icd-libopencl1 openssh-sftp-server pocketsphinx-en-us
  python3-aiosmtpd python3-alembic python3-authheaders python3-authres python3-cbor2 python3-dateutil python3-dkim
  python3-dnspython python3-falcon python3-flufl.bounce python3-flufl.i18n python3-flufl.lock python3-greenlet
  python3-gunicorn python3-lazr.config python3-lazr.delegates python3-mako python3-mimeparse python3-msgpack
  python3-nacl python3-passlib python3-psycopg2 python3-public python3-publicsuffix2 python3-rapidjson python3-spf
  python3-sqlalchemy python3-sqlalchemy-ext python3-zope.component python3-zope.configuration python3-zope.event
  python3-zope.hookable python3-zope.i18nmessageid python3-zope.schema r-base-core r-base-dev r-base-html r-cran-boot
  r-cran-class r-cran-cluster r-cran-codetools r-cran-foreign r-cran-kernsmooth r-cran-lattice r-cran-mass
  r-cran-matrix r-cran-mgcv r-cran-nlme r-cran-nnet r-cran-rpart r-cran-spatial r-cran-survival r-doc-html
  r-recommended sphinx-rtd-theme-common ssh-import-id ssl-cert t1utils tcl-expect terser tex-common texlive-base
  texlive-binaries va-driver-all vdpau-driver-all webpack
Suggested packages:
  binutils-doc gprofng-gui coqide | proofgeneral libcoq-core-ocaml-dev why coq-doc node-babel-eslint node-esprima-fb
  node-inquirer tk8.6 ffmpeg-doc gfortran-multilib gfortran-doc gfortran-13-multilib gfortran-13-doc libcoarrays-dev
  i965-va-driver-shaders libcuda1 libnvcuvid1 libnvidia-encode1 liblapack-doc libbluray-bdj libjs-angularjs
  libportaudio2 readline-doc serdi sndiod sordi mailman3-doc anacron postgresql | default-mysql-server
  | virtual-mysql-server mailutils-mh mailutils-doc fcgiwrap nginx-doc node-babel-plugin-polyfill-es-shims
  node-babel7-debug livescript chai node-jest-diff ocaml-doc elpa-tuareg camlp4 opencl-icd molly-guard monkeysphere
  ssh-askpass ufw postfix-cdb postfix-doc postfix-ldap postfix-lmdb postfix-mta-sts-resolver postfix-mysql
  postfix-pcre postfix-pgsql postfix-sqlite procmail sasl2-bin | dovecot-common ncbi-epcr python-cbor2-doc
  python3-trio python3-aioquic python3-h2 python3-httpx python3-httpcore python-flufl.bounce-doc python-flufl.i18n-doc
  python-flufl.lock-doc python-greenlet-dev python-greenlet-doc python-lazr.config-doc python-lazr.delegates-doc
  python-mako-doc python3-beaker python-nacl-doc python-psycopg2-doc python-public-doc python-rapidjson-doc
  python-sqlalchemy-doc python3-fdb python3-pymssql python3-mysqldb python3-asyncpg python3-aiosqlite
  python3-zope.testing elpa-ess r-doc-info | r-doc-pdf r-mathlib texlive-plain-generic texlive-fonts-recommended
  texlive-fonts-extra texlive-extra-utils texlive-latex-recommended texlive-latex-extra texinfo cargo llvm-17 lld-17
  clang-17 autopsy mac-robber debhelper perl-tk xpdf | pdf-viewer xzdec texlive-binaries-sse2 hintview
  texlive-latex-base-doc wp2latex libvdpau-va-gl1
The following NEW packages will be installed:
  asciinema coq dbconfig-common dbconfig-sqlite3 dvisvgm eslint expect extundelete ffmpeg fonts-font-awesome
  fonts-lmodern foremost gfortran gfortran-13 gfortran-13-x86-64-linux-gnu gfortran-x86-64-linux-gnu gsasl-common
  guile-3.0-libs gyp handlebars i965-va-driver intel-media-va-driver ledit libaacs0 libafflib0t64 libass9 libavcodec60
  libavdevice60 libavfilter9 libavformat60 libavutil58 libbdplus0 libbfio1 libblas-dev libbluray2 libbs2b0
  libcdio-cdda2t64 libcdio-paranoia2t64 libcdio19t64 libchromaprint1 libcjson1 libcodec2-1.2
  libcompiler-libs-ocaml-dev libcoq-core-ocaml libcoq-stdlib libdate-manip-perl libdav1d7 libdc1394-25 libewf2
  libfindlib-ocaml libfindlib-ocaml-dev libflite1 libgfortran-13-dev libgme0 libgsasl18 libgsm1 libgssglue1 libgumbo2
  libhwy1t64 libigdgmm12 libjs-async libjs-events libjs-inherits libjs-is-typedarray libjs-prettify libjs-regenerate
  libjs-source-map libjs-sprintf-js libjs-typedarray-to-buffer libjs-util libjxl0.7 libkpathsea6 liblapack-dev
  liblilv-0-0 libllvm17t64 libmailutils9t64 libmbedcrypto7t64 libmujs3 libmysofa1 libnode-dev libnorm1t64
  libnotify-bin libnsl2 libntlm0 libopenal-data libopenal1 libopenmpt0t64 libpgm-5.3-0t64 libplacebo338
  libpocketsphinx3 libpostproc57 libpotrace0 libptexenc1 librabbitmq4 librav1e0 libreadline-dev librist4
  librubberband2 libserd-0-0 libshine3 libsnappy1v5 libsndio7.0 libsord-0-0 libsoxr0 libsphinxbase3t64 libsratom-0-0
  libsrt1.5-gnutls libssh-gcrypt-4 libstd-rust-1.75 libstd-rust-dev libstdlib-ocaml libstdlib-ocaml-dev
  libsvtav1enc1d1 libswresample4 libswscale7 libsynctex2 libteckit0 libtexlua53-5 libtsk19t64 libudfread0 libunibreak5
  libuv1-dev libva-drm2 libva-x11-2 libva2 libvdpau1 libvhdi1 libvidstab1.1 libvmdk1 libvpl2 libwoff1 libx264-164
  libx265-199 libxvidcore4 libzarith-ocaml libzimg2 libzix-0-0 libzmq5 libzvbi-common libzvbi0t64 libzzip-0-13t64
  lmodern mailman3 mailutils mailutils-common mesa-va-drivers mesa-vdpau-drivers mupdf-tools ncurses-term nginx
  nginx-common node-abbrev node-ajv node-ajv-keywords node-ampproject-remapping node-ansi-escapes node-ansi-regex
  node-ansi-styles node-anymatch node-aproba node-archy node-are-we-there-yet node-argparse node-arrify node-assert
  node-async node-async-each node-auto-bind node-babel-helper-define-polyfill-provider
  node-babel-plugin-add-module-exports node-babel-plugin-lodash node-babel-plugin-polyfill-corejs2
  node-babel-plugin-polyfill-corejs3 node-babel-plugin-polyfill-regenerator node-babel7 node-babel7-runtime
  node-balanced-match node-base node-base64-js node-binary-extensions node-brace-expansion node-braces
  node-browserslist node-builtins node-cacache node-cache-base node-camelcase node-caniuse-lite node-chalk
  node-chokidar node-chownr node-chrome-trace-event node-ci-info node-cli-boxes node-cli-cursor node-cli-table
  node-cli-truncate node-cliui node-clone node-clone-deep node-collection-visit node-color-convert node-color-name
  node-colors node-columnify node-commondir node-concat-stream node-console-control-strings node-convert-source-map
  node-copy-concurrently node-core-js node-core-js-compat node-core-js-pure node-core-util-is node-coveralls
  node-css-loader node-css-selector-tokenizer node-data-uri-to-buffer node-debbundle-es-to-primitive node-decamelize
  node-decompress-response node-deep-equal node-deep-is node-defaults node-define-properties node-define-property
  node-defined node-del node-delegates node-depd node-diff node-doctrine node-electron-to-chromium node-encoding
  node-end-of-stream node-enhanced-resolve node-err-code node-errno node-error-ex node-es-abstract
  node-es-module-lexer node-es6-error node-escape-string-regexp node-escodegen node-eslint-scope node-eslint-utils
  node-eslint-visitor-keys node-espree node-esprima node-esquery node-esrecurse node-estraverse node-esutils
  node-events node-fancy-log node-fast-deep-equal node-fast-levenshtein node-fetch node-file-entry-cache
  node-fill-range node-find-cache-dir node-find-up node-flat-cache node-flatted node-for-in node-for-own
  node-foreground-child node-fs-readdir-recursive node-fs-write-stream-atomic node-fs.realpath node-function-bind
  node-functional-red-black-tree node-gauge node-get-caller-file node-get-stream node-get-value node-glob
  node-glob-parent node-globals node-globby node-got node-graceful-fs node-growl node-gyp node-has-flag
  node-has-unicode node-has-value node-has-values node-hosted-git-info node-http-proxy-agent node-iconv-lite
  node-icss-utils node-ieee754 node-iferr node-ignore node-imurmurhash node-indent-string node-inflight node-inherits
  node-ini node-interpret node-ip node-ip-regex node-is-arrayish node-is-binary-path node-is-buffer node-is-descriptor
  node-is-extendable node-is-extglob node-is-glob node-is-number node-is-path-cwd node-is-path-inside
  node-is-plain-obj node-is-plain-object node-is-primitive node-is-stream node-is-typedarray node-is-windows
  node-isarray node-isexe node-isobject node-istanbul node-jest-debbundle node-jest-worker node-js-tokens node-js-yaml
  node-jsesc node-json-buffer node-json-parse-better-errors node-json-schema node-json-schema-traverse
  node-json-stable-stringify node-json5 node-jsonify node-jsonparse node-kind-of node-lcov-parse node-levn
  node-loader-runner node-locate-path node-lodash node-lodash-packages node-log-driver node-lowercase-keys
  node-lru-cache node-make-dir node-map-visit node-memfs node-memory-fs node-merge-stream node-micromatch node-mime
  node-mime-types node-mimic-response node-minimatch node-minimist node-minipass node-mixin-deep node-mkdirp
  node-move-concurrently node-n3 node-negotiator node-neo-async node-nopt node-normalize-package-data
  node-normalize-path node-npm-bundled node-npm-package-arg node-npm-run-path node-npmlog node-object-assign
  node-object-inspect node-object-visit node-once node-opener node-optimist node-optionator node-osenv
  node-p-cancelable node-p-limit node-p-locate node-p-map node-parse-json node-pascalcase node-path-dirname
  node-path-exists node-path-is-absolute node-path-is-inside node-path-type node-picocolors node-pify node-pkg-dir
  node-postcss node-postcss-modules-extract-imports node-postcss-modules-values node-postcss-value-parser
  node-prelude-ls node-process-nextick-args node-progress node-promise-inflight node-promise-retry node-promzard
  node-prr node-pump node-punycode node-quick-lru node-randombytes node-re2 node-read-package-json node-read-pkg
  node-readable-stream node-readdirp node-rechoir node-regenerate node-regenerate-unicode-properties
  node-regenerator-runtime node-regenerator-transform node-regexpp node-regexpu-core node-regjsgen node-regjsparser
  node-repeat-string node-require-directory node-require-from-string node-resolve node-resolve-cwd node-resolve-from
  node-restore-cursor node-resumer node-retry node-rimraf node-run-queue node-safe-buffer node-schema-utils
  node-sellside-emitter node-semver node-serialize-javascript node-set-blocking node-set-immediate-shim node-set-value
  node-shebang-command node-shebang-regex node-shell-quote node-signal-exit node-slash node-slice-ansi
  node-source-list-map node-source-map node-source-map-support node-spdx-correct node-spdx-exceptions
  node-spdx-expression-parse node-spdx-license-ids node-sprintf-js node-ssri node-stack-utils node-string-decoder
  node-string-width node-strip-ansi node-strip-bom node-strip-json-comments node-supports-color node-tap
  node-tap-mocha-reporter node-tap-parser node-tapable node-tape node-tar node-terser node-text-table node-through
  node-time-stamp node-to-fast-properties node-to-regex-range node-tslib node-type-check node-typedarray
  node-typedarray-to-buffer node-unicode-canonical-property-names-ecmascript node-unicode-match-property-ecmascript
  node-unicode-match-property-value-ecmascript node-unicode-property-aliases-ecmascript node-union-value
  node-unique-filename node-unset-value node-uri-js node-util node-util-deprecate node-uuid node-v8-compile-cache
  node-v8flags node-validate-npm-package-license node-validate-npm-package-name node-watchpack node-wcwidth.js
  node-webassemblyjs node-webpack-sources node-which node-wide-align node-widest-line node-wordwrap node-wrap-ansi
  node-wrappy node-write node-write-file-atomic node-y18n node-yallist node-yaml node-yargs node-yargs-parser npm
  ocaml ocaml-base ocaml-findlib ocaml-interp ocaml-man ocl-icd-libopencl1 openssh-server openssh-sftp-server
  pocketsphinx-en-us postfix primer3 python3-aiosmtpd python3-alembic python3-authheaders python3-authres
  python3-cbor2 python3-dateutil python3-dkim python3-dnspython python3-falcon python3-flufl.bounce python3-flufl.i18n
  python3-flufl.lock python3-greenlet python3-gunicorn python3-lazr.config python3-lazr.delegates python3-mako
  python3-mimeparse python3-msgpack python3-nacl python3-passlib python3-psycopg2 python3-public python3-publicsuffix2
  python3-rapidjson python3-spf python3-sqlalchemy python3-sqlalchemy-ext python3-zope.component
  python3-zope.configuration python3-zope.event python3-zope.hookable python3-zope.i18nmessageid python3-zope.schema
  r-base r-base-core r-base-dev r-base-html r-cran-boot r-cran-class r-cran-cluster r-cran-codetools r-cran-foreign
  r-cran-kernsmooth r-cran-lattice r-cran-mass r-cran-matrix r-cran-mgcv r-cran-nlme r-cran-nnet r-cran-rpart
  r-cran-spatial r-cran-survival r-doc-html r-recommended rustc screen sleuthkit sphinx-rtd-theme-common ssh-import-id
  ssl-cert t1utils tcl-expect terser tex-common texlive-base texlive-binaries texlive-latex-base va-driver-all
  vdpau-driver-all webpack
The following packages will be upgraded:
  binutils binutils-common binutils-x86-64-linux-gnu libbinutils libctf-nobfd0 libctf0 libgprofng0 libsframe1
8 upgraded, 594 newly installed, 0 to remove and 30 not upgraded.
Need to get 667 MB/667 MB of archives.
After this operation, 2,224 MB of additional disk space will be used.
Get:1 http://ftp.kaist.ac.kr/ubuntu noble/universe amd64 dbconfig-common all 2.0.24 [596 kB]
Get:2 http://ftp.kaist.ac.kr/ubuntu noble/universe amd64 dbconfig-sqlite3 all 2.0.24 [892 B]
Get:3 http://ftp.kaist.ac.kr/ubuntu noble/universe amd64 python3-cbor2 amd64 5.6.2-1build1 [58.0 kB]
Get:4 http://ftp.kaist.ac.kr/ubuntu noble/main amd64 python3-mimeparse all 1.6.0-3build1 [7,152 B]
Get:5 http://ftp.kaist.ac.kr/ubuntu noble/main amd64 python3-msgpack amd64 1.0.3-3build2 [80.1 kB]
Get:6 http://ftp.kaist.ac.kr/ubuntu noble/universe amd64 python3-rapidjson amd64 1.4-2build5 [130 kB]
Get:7 http://ftp.kaist.ac.kr/ubuntu noble/universe amd64 python3-falcon amd64 3.1.1-2build2 [1,288 kB]
Get:8 http://ftp.kaist.ac.kr/ubuntu noble/main amd64 python3-psycopg2 amd64 2.9.9-1build1 [131 kB]
Get:9 http://ftp.kaist.ac.kr/ubuntu noble/universe amd64 python3-public all 4.0-2 [6,934 B]
Get:10 http://ftp.kaist.ac.kr/ubuntu noble/main amd64 fonts-font-awesome all 5.0.10+really4.7.0~dfsg-4.1 [516 kB]
Get:11 http://ftp.kaist.ac.kr/ubuntu noble/main amd64 sphinx-rtd-theme-common all 2.0.0+dfsg-1 [1,012 kB]
Get:12 http://ftp.kaist.ac.kr/ubuntu noble/universe amd64 python3-aiosmtpd all 1.4.4.post2-1 [164 kB]
Get:13 http://ftp.kaist.ac.kr/ubuntu noble-updates/main amd64 python3-mako all 1.3.2-1ubuntu0.1 [63.4 kB]
Get:14 http://ftp.kaist.ac.kr/ubuntu noble-updates/main amd64 python3-greenlet amd64 3.0.3-0ubuntu5.1 [154 kB]
Get:15 http://ftp.kaist.ac.kr/ubuntu noble/main amd64 python3-sqlalchemy all 1.4.50+ds1-1build1 [1,020 kB]
Get:16 http://ftp.kaist.ac.kr/ubuntu noble/main amd64 python3-alembic all 1.13.1-3 [149 kB]
Get:17 http://ftp.kaist.ac.kr/ubuntu noble/universe amd64 python3-authres all 1.2.0-3 [17.4 kB]
Get:18 http://ftp.kaist.ac.kr/ubuntu noble/main amd64 python3-dnspython all 2.6.1-1ubuntu1 [163 kB]
Get:19 http://ftp.kaist.ac.kr/ubuntu noble/main amd64 python3-nacl amd64 1.5.0-4build1 [57.9 kB]
Get:20 http://ftp.kaist.ac.kr/ubuntu noble/universe amd64 python3-dkim all 1.1.6-1 [62.6 kB]
Get:21 http://ftp.kaist.ac.kr/ubuntu noble/universe amd64 python3-publicsuffix2 all 2.20191221-3 [11.6 kB]
Get:22 http://ftp.kaist.ac.kr/ubuntu noble/universe amd64 python3-authheaders all 0.16.2-1 [21.8 kB]
Get:23 http://ftp.kaist.ac.kr/ubuntu noble/main amd64 python3-dateutil all 2.8.2-3ubuntu1 [79.4 kB]
Get:24 http://ftp.kaist.ac.kr/ubuntu noble/universe amd64 python3-flufl.bounce all 4.0-4 [86.7 kB]
Get:25 http://ftp.kaist.ac.kr/ubuntu noble/universe amd64 python3-flufl.i18n all 5.0.2-1 [10.3 kB]
Get:26 http://ftp.kaist.ac.kr/ubuntu noble/universe amd64 python3-flufl.lock all 5.0.1-5 [12.7 kB]
Get:27 http://ftp.kaist.ac.kr/ubuntu noble-updates/universe amd64 python3-gunicorn all 20.1.0-6ubuntu0.1 [58.7 kB]
Get:28 http://ftp.kaist.ac.kr/ubuntu noble/universe amd64 python3-lazr.delegates all 2.1.0-1 [11.7 kB]
Get:29 http://ftp.kaist.ac.kr/ubuntu noble/universe amd64 python3-lazr.config all 3.0-1 [27.4 kB]
Get:30 http://ftp.kaist.ac.kr/ubuntu noble/main amd64 python3-passlib all 1.7.4-4 [476 kB]
Get:31 http://ftp.kaist.ac.kr/ubuntu noble/universe amd64 python3-zope.event all 5.0-0.1 [7,512 B]
Get:32 http://ftp.kaist.ac.kr/ubuntu noble/universe amd64 python3-zope.hookable amd64 6.0-1build1 [11.8 kB]
Get:33 http://ftp.kaist.ac.kr/ubuntu noble/universe amd64 python3-zope.component all 6.0-0.2 [40.7 kB]
Get:34 http://ftp.kaist.ac.kr/ubuntu noble/universe amd64 python3-zope.i18nmessageid amd64 6.1.0-2build1 [13.6 kB]
Get:35 http://ftp.kaist.ac.kr/ubuntu noble/universe amd64 python3-zope.schema all 7.0.1-1 [61.9 kB]
Get:36 http://ftp.kaist.ac.kr/ubuntu noble/universe amd64 python3-zope.configuration all 5.0-1 [51.8 kB]
Get:37 http://ftp.kaist.ac.kr/ubuntu noble-updates/universe amd64 mailman3 all 3.3.8-3.1ubuntu0.1 [758 kB]
Get:38 http://ftp.kaist.ac.kr/ubuntu noble-updates/main amd64 openssh-sftp-server amd64 1:9.6p1-3ubuntu13.16 [37.3 kB]
Get:39 http://ftp.kaist.ac.kr/ubuntu noble-updates/main amd64 openssh-server amd64 1:9.6p1-3ubuntu13.16 [510 kB]
Get:40 http://ftp.kaist.ac.kr/ubuntu noble/main amd64 ssl-cert all 1.1.2ubuntu1 [17.8 kB]
Get:41 http://ftp.kaist.ac.kr/ubuntu noble/main amd64 libnsl2 amd64 1.3.0-3build3 [41.4 kB]
Get:42 http://ftp.kaist.ac.kr/ubuntu noble-updates/main amd64 postfix amd64 3.8.6-1ubuntu0.1 [1,255 kB]
Get:43 http://ftp.kaist.ac.kr/ubuntu noble/universe amd64 asciinema all 2.4.0-1 [65.9 kB]
Get:44 http://ftp.kaist.ac.kr/ubuntu noble-updates/main amd64 libgprofng0 amd64 2.42-4ubuntu2.10 [849 kB]
Get:45 http://ftp.kaist.ac.kr/ubuntu noble-updates/main amd64 libctf0 amd64 2.42-4ubuntu2.10 [94.5 kB]
Get:46 http://ftp.kaist.ac.kr/ubuntu noble-updates/main amd64 libctf-nobfd0 amd64 2.42-4ubuntu2.10 [98.0 kB]
Get:47 http://ftp.kaist.ac.kr/ubuntu noble-updates/main amd64 binutils-x86-64-linux-gnu amd64 2.42-4ubuntu2.10 [2,463 kB]
Get:48 http://ftp.kaist.ac.kr/ubuntu noble-updates/main amd64 libbinutils amd64 2.42-4ubuntu2.10 [577 kB]
Get:49 http://ftp.kaist.ac.kr/ubuntu noble-updates/main amd64 binutils amd64 2.42-4ubuntu2.10 [18.2 kB]
Get:50 http://ftp.kaist.ac.kr/ubuntu noble-updates/main amd64 binutils-common amd64 2.42-4ubuntu2.10 [240 kB]
Get:51 http://ftp.kaist.ac.kr/ubuntu noble-updates/main amd64 libsframe1 amd64 2.42-4ubuntu2.10 [15.7 kB]
Get:52 http://ftp.kaist.ac.kr/ubuntu noble/universe amd64 libcoq-stdlib amd64 8.18.0+dfsg-1build2 [26.5 MB]
Get:53 http://ftp.kaist.ac.kr/ubuntu noble/universe amd64 libstdlib-ocaml amd64 4.14.1-1ubuntu1 [378 kB]
Get:54 http://ftp.kaist.ac.kr/ubuntu noble/universe amd64 ocaml-base amd64 4.14.1-1ubuntu1 [256 kB]
Get:55 http://ftp.kaist.ac.kr/ubuntu noble/universe amd64 libfindlib-ocaml amd64 1.9.6-1build4 [198 kB]
Get:56 http://ftp.kaist.ac.kr/ubuntu noble/universe amd64 libzarith-ocaml amd64 1.13-2build4 [120 kB]
Get:57 http://ftp.kaist.ac.kr/ubuntu noble/universe amd64 libcoq-core-ocaml amd64 8.18.0+dfsg-1build2 [27.7 MB]
Get:58 http://ftp.kaist.ac.kr/ubuntu noble/universe amd64 libstdlib-ocaml-dev amd64 4.14.1-1ubuntu1 [8,453 kB]
Get:59 http://ftp.kaist.ac.kr/ubuntu noble/universe amd64 libcompiler-libs-ocaml-dev amd64 4.14.1-1ubuntu1 [38.4 MB]
Get:60 http://ftp.kaist.ac.kr/ubuntu noble/universe amd64 ocaml-interp amd64 4.14.1-1ubuntu1 [7,825 kB]
Get:61 http://ftp.kaist.ac.kr/ubuntu noble/universe amd64 ocaml amd64 4.14.1-1ubuntu1 [81.4 MB]
Get:62 http://ftp.kaist.ac.kr/ubuntu noble/universe amd64 ocaml-findlib amd64 1.9.6-1build4 [557 kB]
Get:63 http://ftp.kaist.ac.kr/ubuntu noble/universe amd64 coq amd64 8.18.0+dfsg-1build2 [95.9 MB]
Get:64 http://ftp.kaist.ac.kr/ubuntu noble/main amd64 libkpathsea6 amd64 2023.20230311.66589-9build3 [63.0 kB]
Get:65 http://ftp.kaist.ac.kr/ubuntu noble/universe amd64 libpotrace0 amd64 1.16-2build1 [17.7 kB]
Get:66 http://ftp.kaist.ac.kr/ubuntu noble/universe amd64 dvisvgm amd64 3.2.1+ds-1build1 [1,042 kB]
Get:67 http://ftp.kaist.ac.kr/ubuntu noble/universe amd64 node-fast-deep-equal all 3.1.3-3 [5,844 B]
Get:68 http://ftp.kaist.ac.kr/ubuntu noble/universe amd64 node-json-schema-traverse all 1.0.0-3 [6,338 B]
Get:69 http://ftp.kaist.ac.kr/ubuntu noble/universe amd64 node-jsonify all 0.0.1-1 [6,724 B]
Get:70 http://ftp.kaist.ac.kr/ubuntu noble/universe amd64 node-json-stable-stringify all 1.0.2+repack1+~cs1.0.34-2 [7,270 B]
Get:71 http://ftp.kaist.ac.kr/ubuntu noble/universe amd64 node-punycode all 2.2.3-2 [10.0 kB]
Get:72 http://ftp.kaist.ac.kr/ubuntu noble/universe amd64 node-uri-js all 4.4.0+dfsg-8 [52.5 kB]
Get:73 http://ftp.kaist.ac.kr/ubuntu noble/universe amd64 node-ajv all 8.12.0~ds+~2.1.1-4 [185 kB]
Get:74 http://ftp.kaist.ac.kr/ubuntu noble/universe amd64 libjs-inherits all 2.0.4-6 [3,412 B]
Get:75 http://ftp.kaist.ac.kr/ubuntu noble/universe amd64 node-inherits all 2.0.4-6 [3,004 B]
Get:76 http://ftp.kaist.ac.kr/ubuntu noble/universe amd64 node-core-util-is all 1.0.3-1 [4,066 B]
Get:77 http://ftp.kaist.ac.kr/ubuntu noble/universe amd64 node-safe-buffer all 5.2.1+~cs2.1.2-3 [15.8 kB]
Get:78 http://ftp.kaist.ac.kr/ubuntu noble/universe amd64 node-string-decoder all 1.3.0-6 [7,044 B]
Get:79 http://ftp.kaist.ac.kr/ubuntu noble/universe amd64 node-process-nextick-args all 2.0.1-3 [3,804 B]
Get:80 http://ftp.kaist.ac.kr/ubuntu noble/universe amd64 node-util-deprecate all 1.0.2-3 [4,202 B]
Get:81 http://ftp.kaist.ac.kr/ubuntu noble/universe amd64 node-isarray all 2.0.5-4 [4,024 B]
Get:82 http://ftp.kaist.ac.kr/ubuntu noble/universe amd64 node-readable-stream all 3.6.0+~cs3.0.0-4build1 [32.4 kB]
Get:83 http://ftp.kaist.ac.kr/ubuntu noble/universe amd64 node-typedarray all 0.0.7-1 [9,584 B]
Get:84 http://ftp.kaist.ac.kr/ubuntu noble/universe amd64 node-concat-stream all 2.0.0+~2.0.0-2 [6,424 B]
Get:85 http://ftp.kaist.ac.kr/ubuntu noble/universe amd64 node-esutils all 2.0.3+~2.0.0-1 [13.0 kB]
Get:86 http://ftp.kaist.ac.kr/ubuntu noble/universe amd64 node-doctrine all 3.0.0-4 [18.3 kB]
Get:87 http://ftp.kaist.ac.kr/ubuntu noble/universe amd64 node-eslint-visitor-keys all 3.3.0+~1.0.0-1 [14.4 kB]
Get:88 http://ftp.kaist.ac.kr/ubuntu noble/universe amd64 node-estraverse all 5.3.0+ds+~5.1.1-1 [11.9 kB]
Get:89 http://ftp.kaist.ac.kr/ubuntu noble/universe amd64 node-object-assign all 4.1.1-7 [4,686 B]
Get:90 http://ftp.kaist.ac.kr/ubuntu noble/universe amd64 node-esrecurse all 4.3.0-2 [6,136 B]
Get:91 http://ftp.kaist.ac.kr/ubuntu noble/universe amd64 node-eslint-scope all 7.1.1+~3.7.4-1 [31.5 kB]
Get:92 http://ftp.kaist.ac.kr/ubuntu noble/universe amd64 node-espree all 9.4.1~dfsg-2 [21.0 kB]
Get:93 http://ftp.kaist.ac.kr/ubuntu noble/universe amd64 node-esquery all 1.4.2~ds-1 [26.0 kB]
Get:94 http://ftp.kaist.ac.kr/ubuntu noble/universe amd64 node-eslint-utils all 3.0.0-3 [15.8 kB]
Get:95 http://ftp.kaist.ac.kr/ubuntu noble/universe amd64 node-flatted all 3.2.7~ds-1 [10.0 kB]
Get:96 http://ftp.kaist.ac.kr/ubuntu noble/universe amd64 node-fs.realpath all 1.0.0-3 [6,176 B]
Get:97 http://ftp.kaist.ac.kr/ubuntu noble/universe amd64 node-wrappy all 1.0.2-3 [3,732 B]
Get:98 http://ftp.kaist.ac.kr/ubuntu noble/universe amd64 node-once all 1.4.1-1 [4,664 B]
Get:99 http://ftp.kaist.ac.kr/ubuntu noble/universe amd64 node-inflight all 1.0.6-2 [3,940 B]
Get:100 http://ftp.kaist.ac.kr/ubuntu noble/universe amd64 node-balanced-match all 2.0.0-1 [4,910 B]
Get:101 http://ftp.kaist.ac.kr/ubuntu noble/universe amd64 node-brace-expansion all 2.0.1+~1.1.0-1 [8,072 B]
Get:102 http://ftp.kaist.ac.kr/ubuntu noble/universe amd64 node-minimatch all 9.0.3-4build5 [51.1 kB]
Get:103 http://ftp.kaist.ac.kr/ubuntu noble/universe amd64 node-glob all 8.1.0+~cs8.5.15-1 [137 kB]
Get:104 http://ftp.kaist.ac.kr/ubuntu noble/universe amd64 node-rimraf all 3.0.2-2 [10.4 kB]
Get:105 http://ftp.kaist.ac.kr/ubuntu noble/universe amd64 node-write all 2.0.0~6.0.1+~3.0.4+~2.0.0+~1.0.0+~2.0.1-1 [16.0 kB]
Get:106 http://ftp.kaist.ac.kr/ubuntu noble/universe amd64 node-flat-cache all 3.0.4~6.0.1+~3.0.4+~2.0.0+~1.0.0+~2.0.1-1 [9,050 B]
Get:107 http://ftp.kaist.ac.kr/ubuntu noble/universe amd64 node-file-entry-cache all 6.0.1+~3.0.4+~2.0.0+~1.0.0+~2.0.1-1 [12.2 kB]
Get:108 http://ftp.kaist.ac.kr/ubuntu noble/universe amd64 node-functional-red-black-tree all 1.0.1+20181105-7 [14.3 kB]
Get:109 http://ftp.kaist.ac.kr/ubuntu noble/universe amd64 node-is-extglob all 2.1.1-5 [4,624 B]
Get:110 http://ftp.kaist.ac.kr/ubuntu noble/universe amd64 node-is-glob all 4.0.3-2 [6,706 B]
Get:111 http://ftp.kaist.ac.kr/ubuntu noble/universe amd64 node-path-dirname all 1.0.2-2 [4,326 B]
Get:112 http://ftp.kaist.ac.kr/ubuntu noble/universe amd64 node-glob-parent all 6.0.2+~5.1.1-2 [7,050 B]
Get:113 http://ftp.kaist.ac.kr/ubuntu noble/universe amd64 node-globals all 13.23.0-1 [11.7 kB]
Get:114 http://ftp.kaist.ac.kr/ubuntu noble/universe amd64 node-resolve-from all 5.0.0+~3.1.0+~3.3.0+~2.0.0-1 [7,332 B]
Get:115 http://ftp.kaist.ac.kr/ubuntu noble/universe amd64 node-imurmurhash all 0.1.4+dfsg+~0.1.1-2 [8,504 B]
Get:116 http://ftp.kaist.ac.kr/ubuntu noble/universe amd64 node-ignore all 5.2.1-1 [24.2 kB]
Get:117 http://ftp.kaist.ac.kr/ubuntu noble/universe amd64 node-prelude-ls all 1.2.1+dfsg-3 [9,812 B]
Get:118 http://ftp.kaist.ac.kr/ubuntu noble/universe amd64 node-type-check all 0.4.0+dfsg-3 [9,318 B]
Get:119 http://ftp.kaist.ac.kr/ubuntu noble/universe amd64 node-levn all 0.4.1+dfsg-2 [10.3 kB]
Get:120 http://ftp.kaist.ac.kr/ubuntu noble/universe amd64 node-lodash all 4.17.21+dfsg+~cs8.31.198.20210220-9 [469 kB]
Get:121 http://ftp.kaist.ac.kr/ubuntu noble/universe amd64 node-memfs all 3.4.12+~cs1.0.3-1 [41.0 kB]
Get:122 http://ftp.kaist.ac.kr/ubuntu noble/universe amd64 node-mkdirp all 1.0.4+~1.0.2-4 [11.3 kB]
Get:123 http://ftp.kaist.ac.kr/ubuntu noble/universe amd64 node-deep-is all 0.1.4-1 [5,158 B]
Get:124 http://ftp.kaist.ac.kr/ubuntu noble/universe amd64 node-fast-levenshtein all 2.0.6+ds-3 [6,084 B]
Get:125 http://ftp.kaist.ac.kr/ubuntu noble/universe amd64 node-optionator all 0.9.1+dfsg+~cs1.2.3-1 [17.1 kB]
Get:126 http://ftp.kaist.ac.kr/ubuntu noble/universe amd64 node-progress all 2.0.3-2 [6,704 B]
Get:127 http://ftp.kaist.ac.kr/ubuntu noble/universe amd64 libjs-regenerate all 1.4.2-3 [14.7 kB]
Get:128 http://ftp.kaist.ac.kr/ubuntu noble/universe amd64 node-regenerate all 1.4.2-3 [2,340 B]
Get:129 http://ftp.kaist.ac.kr/ubuntu noble/universe amd64 node-regenerate-unicode-properties all 10.1.0+ds-1 [54.7 kB]
Get:130 http://ftp.kaist.ac.kr/ubuntu noble/universe amd64 node-regexpp all 3.2.0-5 [27.8 kB]
Get:131 http://ftp.kaist.ac.kr/ubuntu noble/universe amd64 node-yallist all 4.0.0+~4.0.1-1 [8,322 B]
Get:132 http://ftp.kaist.ac.kr/ubuntu noble/universe amd64 node-lru-cache all 7.14.1-1 [23.9 kB]
Get:133 http://ftp.kaist.ac.kr/ubuntu noble/universe amd64 node-semver all 7.5.4+~7.5.0-2 [44.3 kB]
Get:134 http://ftp.kaist.ac.kr/ubuntu noble/universe amd64 node-strip-json-comments all 4.0.0-4 [5,656 B]
Get:135 http://ftp.kaist.ac.kr/ubuntu noble/universe amd64 node-json-schema all 0.4.0+~7.0.11-1 [13.4 kB]
Get:136 http://ftp.kaist.ac.kr/ubuntu noble/universe amd64 node-v8-compile-cache all 2.4.0-2 [7,686 B]
Get:137 http://ftp.kaist.ac.kr/ubuntu noble/universe amd64 eslint all 6.4.0~dfsg+~6.1.9-11build3 [354 kB]
Get:138 http://ftp.kaist.ac.kr/ubuntu noble/universe amd64 tcl-expect amd64 5.45.4-3 [110 kB]
Get:139 http://ftp.kaist.ac.kr/ubuntu noble/universe amd64 expect amd64 5.45.4-3 [137 kB]
Get:140 http://ftp.kaist.ac.kr/ubuntu noble/universe amd64 extundelete amd64 0.2.4-3build2 [50.4 kB]
Get:141 http://ftp.kaist.ac.kr/ubuntu noble-updates/universe amd64 libva2 amd64 2.20.0-2ubuntu0.2 [66.4 kB]
Get:142 http://ftp.kaist.ac.kr/ubuntu noble-updates/universe amd64 libva-drm2 amd64 2.20.0-2ubuntu0.2 [7,124 B]
Get:143 http://ftp.kaist.ac.kr/ubuntu noble-updates/universe amd64 libva-x11-2 amd64 2.20.0-2ubuntu0.2 [12.0 kB]
Get:144 http://ftp.kaist.ac.kr/ubuntu noble/main amd64 libvdpau1 amd64 1.5-2build1 [27.8 kB]
Get:145 http://ftp.kaist.ac.kr/ubuntu noble/universe amd64 libvpl2 amd64 2023.3.0-1build1 [99.8 kB]
Get:146 http://ftp.kaist.ac.kr/ubuntu noble/universe amd64 ocl-icd-libopencl1 amd64 2.3.2-1build1 [38.5 kB]
Get:147 http://ftp.kaist.ac.kr/ubuntu noble/universe amd64 libavutil58 amd64 7:6.1.1-3ubuntu5 [401 kB]
Get:148 http://ftp.kaist.ac.kr/ubuntu noble/universe amd64 libcodec2-1.2 amd64 1.2.0-2build1 [8,998 kB]
Get:149 http://ftp.kaist.ac.kr/ubuntu noble/universe amd64 libdav1d7 amd64 1.4.1-1build1 [604 kB]
Get:150 http://ftp.kaist.ac.kr/ubuntu noble/universe amd64 libgsm1 amd64 1.0.22-1build1 [27.8 kB]
Get:151 http://ftp.kaist.ac.kr/ubuntu noble/universe amd64 libhwy1t64 amd64 1.0.7-8.1build1 [584 kB]
Get:152 http://ftp.kaist.ac.kr/ubuntu noble-updates/universe amd64 libjxl0.7 amd64 0.7.0-10.2ubuntu6.1 [1,001 kB]
Get:153 http://ftp.kaist.ac.kr/ubuntu noble/universe amd64 librav1e0 amd64 0.7.1-2 [1,022 kB]
Get:154 http://ftp.kaist.ac.kr/ubuntu noble/universe amd64 libshine3 amd64 3.1.1-2build1 [23.2 kB]
Get:155 http://ftp.kaist.ac.kr/ubuntu noble/main amd64 libsnappy1v5 amd64 1.1.10-1build1 [28.6 kB]
Get:156 http://ftp.kaist.ac.kr/ubuntu noble/universe amd64 libsvtav1enc1d1 amd64 1.7.0+dfsg-2build1 [2,425 kB]
Get:157 http://ftp.kaist.ac.kr/ubuntu noble/universe amd64 libsoxr0 amd64 0.1.3-4build3 [80.0 kB]
Get:158 http://ftp.kaist.ac.kr/ubuntu noble/universe amd64 libswresample4 amd64 7:6.1.1-3ubuntu5 [63.8 kB]
Get:159 http://ftp.kaist.ac.kr/ubuntu noble/universe amd64 libx264-164 amd64 2:0.164.3108+git31e19f9-1 [604 kB]
Get:160 http://ftp.kaist.ac.kr/ubuntu noble/universe amd64 libx265-199 amd64 3.5-2build1 [1,226 kB]
Get:161 http://ftp.kaist.ac.kr/ubuntu noble/universe amd64 libxvidcore4 amd64 2:1.3.7-1build1 [219 kB]
Get:162 http://ftp.kaist.ac.kr/ubuntu noble/universe amd64 libzvbi-common all 0.2.42-2 [42.4 kB]
Get:163 http://ftp.kaist.ac.kr/ubuntu noble/universe amd64 libzvbi0t64 amd64 0.2.42-2 [261 kB]
Get:164 http://ftp.kaist.ac.kr/ubuntu noble/universe amd64 libavcodec60 amd64 7:6.1.1-3ubuntu5 [5,851 kB]
Get:165 http://ftp.kaist.ac.kr/ubuntu noble/universe amd64 libunibreak5 amd64 5.1-2build1 [25.0 kB]
Get:166 http://ftp.kaist.ac.kr/ubuntu noble/universe amd64 libass9 amd64 1:0.17.1-2build1 [104 kB]
Get:167 http://ftp.kaist.ac.kr/ubuntu noble/universe amd64 libudfread0 amd64 1.1.2-1build1 [19.0 kB]
Get:168 http://ftp.kaist.ac.kr/ubuntu noble/universe amd64 libbluray2 amd64 1:1.3.4-1build1 [159 kB]
Get:169 http://ftp.kaist.ac.kr/ubuntu noble/universe amd64 libchromaprint1 amd64 1.5.1-5 [30.5 kB]
Get:170 http://ftp.kaist.ac.kr/ubuntu noble/universe amd64 libgme0 amd64 0.6.3-7build1 [134 kB]
Get:171 http://ftp.kaist.ac.kr/ubuntu noble/universe amd64 libopenmpt0t64 amd64 0.7.3-1.1build3 [647 kB]
Get:172 http://ftp.kaist.ac.kr/ubuntu noble-updates/main amd64 librabbitmq4 amd64 0.11.0-1ubuntu0.1 [37.8 kB]
Get:173 http://ftp.kaist.ac.kr/ubuntu noble/universe amd64 libcjson1 amd64 1.7.17-1 [24.8 kB]
Get:174 http://ftp.kaist.ac.kr/ubuntu noble/universe amd64 libmbedcrypto7t64 amd64 2.28.8-1 [209 kB]
Get:175 http://ftp.kaist.ac.kr/ubuntu noble/universe amd64 librist4 amd64 0.2.10+dfsg-2 [74.9 kB]
Get:176 http://ftp.kaist.ac.kr/ubuntu noble/universe amd64 libsrt1.5-gnutls amd64 1.5.3-1build2 [316 kB]
Get:177 http://ftp.kaist.ac.kr/ubuntu noble-updates/main amd64 libssh-gcrypt-4 amd64 0.10.6-2ubuntu0.4 [225 kB]
Get:178 http://ftp.kaist.ac.kr/ubuntu noble/universe amd64 libnorm1t64 amd64 1.5.9+dfsg-3.1build1 [154 kB]
Get:179 http://ftp.kaist.ac.kr/ubuntu noble/universe amd64 libpgm-5.3-0t64 amd64 5.3.128~dfsg-2.1build1 [167 kB]
Get:180 http://ftp.kaist.ac.kr/ubuntu noble/universe amd64 libzmq5 amd64 4.3.5-1build2 [260 kB]
Get:181 http://ftp.kaist.ac.kr/ubuntu noble/universe amd64 libavformat60 amd64 7:6.1.1-3ubuntu5 [1,153 kB]
Get:182 http://ftp.kaist.ac.kr/ubuntu noble/universe amd64 libbs2b0 amd64 3.1.0+dfsg-7build1 [10.6 kB]
Get:183 http://ftp.kaist.ac.kr/ubuntu noble/universe amd64 libflite1 amd64 2.2-6build3 [13.6 MB]
Get:184 http://ftp.kaist.ac.kr/ubuntu noble/universe amd64 libserd-0-0 amd64 0.32.2-1 [43.6 kB]
Get:185 http://ftp.kaist.ac.kr/ubuntu noble/universe amd64 libzix-0-0 amd64 0.4.2-2build1 [23.6 kB]
Get:186 http://ftp.kaist.ac.kr/ubuntu noble/universe amd64 libsord-0-0 amd64 0.16.16-2build1 [15.8 kB]
Get:187 http://ftp.kaist.ac.kr/ubuntu noble/universe amd64 libsratom-0-0 amd64 0.6.16-1build1 [17.3 kB]
Get:188 http://ftp.kaist.ac.kr/ubuntu noble/universe amd64 liblilv-0-0 amd64 0.24.22-1build1 [41.0 kB]
Get:189 http://ftp.kaist.ac.kr/ubuntu noble/universe amd64 libmysofa1 amd64 1.3.2+dfsg-2ubuntu2 [1,158 kB]
Get:190 http://ftp.kaist.ac.kr/ubuntu noble/universe amd64 libplacebo338 amd64 6.338.2-2build1 [2,654 kB]
Get:191 http://ftp.kaist.ac.kr/ubuntu noble/universe amd64 libsphinxbase3t64 amd64 0.8+5prealpha+1-17build2 [126 kB]
Get:192 http://ftp.kaist.ac.kr/ubuntu noble/universe amd64 libpocketsphinx3 amd64 0.8.0+real5prealpha+1-15ubuntu5 [133 kB]
Get:193 http://ftp.kaist.ac.kr/ubuntu noble/universe amd64 libpostproc57 amd64 7:6.1.1-3ubuntu5 [49.9 kB]
Get:194 http://ftp.kaist.ac.kr/ubuntu noble/universe amd64 librubberband2 amd64 3.3.0+dfsg-2build1 [130 kB]
Get:195 http://ftp.kaist.ac.kr/ubuntu noble/universe amd64 libswscale7 amd64 7:6.1.1-3ubuntu5 [193 kB]
Get:196 http://ftp.kaist.ac.kr/ubuntu noble/universe amd64 libvidstab1.1 amd64 1.1.0-2build1 [38.5 kB]
Get:197 http://ftp.kaist.ac.kr/ubuntu noble/universe amd64 libzimg2 amd64 3.0.5+ds1-1build1 [254 kB]
Get:198 http://ftp.kaist.ac.kr/ubuntu noble/universe amd64 libavfilter9 amd64 7:6.1.1-3ubuntu5 [4,235 kB]
Get:199 http://ftp.kaist.ac.kr/ubuntu noble-updates/main amd64 libcdio19t64 amd64 2.1.0-4.1ubuntu1.2 [62.4 kB]
Get:200 http://ftp.kaist.ac.kr/ubuntu noble/main amd64 libcdio-cdda2t64 amd64 10.2+2.0.1-1.1build2 [16.5 kB]
Get:201 http://ftp.kaist.ac.kr/ubuntu noble/main amd64 libcdio-paranoia2t64 amd64 10.2+2.0.1-1.1build2 [16.6 kB]
Get:202 http://ftp.kaist.ac.kr/ubuntu noble/universe amd64 libdc1394-25 amd64 2.2.6-4build1 [90.1 kB]
Get:203 http://ftp.kaist.ac.kr/ubuntu noble/universe amd64 libopenal-data all 1:1.23.1-4build1 [161 kB]
Get:204 http://ftp.kaist.ac.kr/ubuntu noble/universe amd64 libsndio7.0 amd64 1.9.0-0.3build3 [29.6 kB]
Get:205 http://ftp.kaist.ac.kr/ubuntu noble/universe amd64 libopenal1 amd64 1:1.23.1-4build1 [540 kB]
Get:206 http://ftp.kaist.ac.kr/ubuntu noble/universe amd64 libavdevice60 amd64 7:6.1.1-3ubuntu5 [82.3 kB]
Get:207 http://ftp.kaist.ac.kr/ubuntu noble/universe amd64 ffmpeg amd64 7:6.1.1-3ubuntu5 [1,879 kB]
Get:208 http://ftp.kaist.ac.kr/ubuntu noble/universe amd64 fonts-lmodern all 2.005-1 [4,799 kB]
Get:209 http://ftp.kaist.ac.kr/ubuntu noble/universe amd64 foremost amd64 1.5.7-11 [34.8 kB]
Get:210 http://ftp.kaist.ac.kr/ubuntu noble-updates/main amd64 libgfortran-13-dev amd64 13.3.0-6ubuntu2~24.04.1 [928 kB]
Get:211 http://ftp.kaist.ac.kr/ubuntu noble-updates/main amd64 gfortran-13-x86-64-linux-gnu amd64 13.3.0-6ubuntu2~24.04.1 [11.4 MB]
Get:212 http://ftp.kaist.ac.kr/ubuntu noble-updates/main amd64 gfortran-13 amd64 13.3.0-6ubuntu2~24.04.1 [13.9 kB]
Get:213 http://ftp.kaist.ac.kr/ubuntu noble/main amd64 gfortran-x86-64-linux-gnu amd64 4:13.2.0-7ubuntu1 [1,024 B]
Get:214 http://ftp.kaist.ac.kr/ubuntu noble/main amd64 gfortran amd64 4:13.2.0-7ubuntu1 [1,176 B]
Get:215 http://ftp.kaist.ac.kr/ubuntu noble-updates/main amd64 gsasl-common all 2.2.1-1willsync1ubuntu0.1 [5,226 B]
Get:216 http://ftp.kaist.ac.kr/ubuntu noble/universe amd64 guile-3.0-libs amd64 3.0.9-1build2 [7,630 kB]
Get:217 http://ftp.kaist.ac.kr/ubuntu noble/universe amd64 gyp all 0.1+20220404git9ecf45e-2 [238 kB]
Get:218 http://ftp.kaist.ac.kr/ubuntu noble/universe amd64 node-neo-async all 2.6.2+~cs3.0.0-3 [42.9 kB]
Get:219 http://ftp.kaist.ac.kr/ubuntu noble/universe amd64 node-arrify all 2.0.1-3 [3,688 B]
Get:220 http://ftp.kaist.ac.kr/ubuntu noble/universe amd64 node-is-plain-obj all 3.0.0-2 [3,994 B]
Get:221 http://ftp.kaist.ac.kr/ubuntu noble/universe amd64 node-is-buffer all 2.0.5-2 [4,128 B]
Get:222 http://ftp.kaist.ac.kr/ubuntu noble/universe amd64 node-kind-of all 6.0.3+dfsg-2 [8,628 B]
Get:223 http://ftp.kaist.ac.kr/ubuntu noble/universe amd64 node-minimist all 1.2.8+~cs5.3.5-1 [10.2 kB]
Get:224 http://ftp.kaist.ac.kr/ubuntu noble/universe amd64 node-wordwrap all 1.0.0-4 [4,644 B]
Get:225 http://ftp.kaist.ac.kr/ubuntu noble/universe amd64 node-optimist all 0.6.1+~0.0.30-2 [13.8 kB]
Get:226 http://ftp.kaist.ac.kr/ubuntu noble/universe amd64 libjs-source-map all 0.7.0++dfsg2+really.0.6.1-15 [27.1 kB]
Get:227 http://ftp.kaist.ac.kr/ubuntu noble/universe amd64 node-source-map all 0.7.0++dfsg2+really.0.6.1-15 [42.8 kB]
Get:228 http://ftp.kaist.ac.kr/ubuntu noble/universe amd64 handlebars all 3:4.7.7+~4.1.0-1 [211 kB]
Get:229 http://ftp.kaist.ac.kr/ubuntu noble-updates/universe amd64 libigdgmm12 amd64 22.3.17+ds1-1ubuntu1 [145 kB]
Get:230 http://ftp.kaist.ac.kr/ubuntu noble-updates/universe amd64 intel-media-va-driver amd64 24.1.0+dfsg1-1ubuntu0.2 [3,163 kB]
Get:231 http://ftp.kaist.ac.kr/ubuntu noble/universe amd64 ledit amd64 2.04-7build5 [60.4 kB]
Get:232 http://ftp.kaist.ac.kr/ubuntu noble/universe amd64 libaacs0 amd64 0.11.1-2build1 [62.9 kB]
Get:233 http://ftp.kaist.ac.kr/ubuntu noble/universe amd64 libafflib0t64 amd64 3.7.20-1.1ubuntu5 [224 kB]
Get:234 http://ftp.kaist.ac.kr/ubuntu noble/universe amd64 libbdplus0 amd64 0.2.0-3build1 [52.2 kB]
Get:235 http://ftp.kaist.ac.kr/ubuntu noble/universe amd64 libbfio1 amd64 20170123-6 [306 kB]
Get:236 http://ftp.kaist.ac.kr/ubuntu noble-updates/main amd64 libblas-dev amd64 3.12.0-3build1.1 [170 kB]
Get:237 http://ftp.kaist.ac.kr/ubuntu noble/main amd64 libdate-manip-perl all 6.95-1 [923 kB]
Get:238 http://ftp.kaist.ac.kr/ubuntu noble/universe amd64 libewf2 amd64 20140814-1build3 [573 kB]
Get:239 http://ftp.kaist.ac.kr/ubuntu noble/universe amd64 libfindlib-ocaml-dev amd64 1.9.6-1build4 [178 kB]
Get:240 http://ftp.kaist.ac.kr/ubuntu noble/main amd64 libgssglue1 amd64 0.9-1build1 [20.7 kB]
Get:241 http://ftp.kaist.ac.kr/ubuntu noble/main amd64 libntlm0 amd64 1.7-1build1 [19.4 kB]
Get:242 http://ftp.kaist.ac.kr/ubuntu noble-updates/main amd64 libgsasl18 amd64 2.2.1-1willsync1ubuntu0.1 [73.0 kB]
Get:243 http://ftp.kaist.ac.kr/ubuntu noble/universe amd64 libgumbo2 amd64 0.12.0+dfsg-2build1 [126 kB]
Get:244 http://ftp.kaist.ac.kr/ubuntu noble/universe amd64 libjs-async all 0.8.0-6 [24.1 kB]
Get:245 http://ftp.kaist.ac.kr/ubuntu noble/universe amd64 libjs-events all 3.3.0+~3.0.0-3 [9,762 B]
Get:246 http://ftp.kaist.ac.kr/ubuntu noble/universe amd64 libjs-is-typedarray all 1.0.0-4 [3,804 B]
Get:247 http://ftp.kaist.ac.kr/ubuntu noble/universe amd64 libjs-prettify all 2015.12.04+dfsg-1.1 [39.3 kB]
Get:248 http://ftp.kaist.ac.kr/ubuntu noble/universe amd64 libjs-sprintf-js all 1.1.2+ds1+~1.1.2-1 [12.8 kB]
Get:249 http://ftp.kaist.ac.kr/ubuntu noble/universe amd64 libjs-typedarray-to-buffer all 4.0.0-2 [4,658 B]
Get:250 http://ftp.kaist.ac.kr/ubuntu noble/universe amd64 node-lodash-packages all 4.17.21+dfsg+~cs8.31.198.20210220-9 [176 kB]
Get:251 http://ftp.kaist.ac.kr/ubuntu noble/universe amd64 node-function-bind all 1.1.2+~cs2.1.14-1 [20.3 kB]
Get:252 http://ftp.kaist.ac.kr/ubuntu noble/universe amd64 node-object-inspect all 1.12.2+~cs1.8.1-1 [11.4 kB]
Get:253 http://ftp.kaist.ac.kr/ubuntu noble/universe amd64 node-es-abstract all 1.20.4+~cs26.27.47-1 [139 kB]
Get:254 http://ftp.kaist.ac.kr/ubuntu noble/universe amd64 node-resolve all 1.22.8+~cs5.34.15-2 [23.3 kB]
Get:255 http://ftp.kaist.ac.kr/ubuntu noble/universe amd64 node-define-properties all 1.2.1+~cs2.2.3-1 [7,472 B]
Get:256 http://ftp.kaist.ac.kr/ubuntu noble/universe amd64 node-debbundle-es-to-primitive all 1.2.1+~cs9.7.25-2 [14.1 kB]
Get:257 http://ftp.kaist.ac.kr/ubuntu noble/universe amd64 node-isobject all 4.0.0-2 [5,374 B]
Get:258 http://ftp.kaist.ac.kr/ubuntu noble/universe amd64 node-is-descriptor all 3.0.0-2 [5,606 B]
Get:259 http://ftp.kaist.ac.kr/ubuntu noble/universe amd64 node-define-property all 2.0.2+really+2.0.2-3 [5,846 B]
Get:260 http://ftp.kaist.ac.kr/ubuntu noble/universe amd64 node-defined all 1.0.1+~1.0.0-1 [5,276 B]
Get:261 http://ftp.kaist.ac.kr/ubuntu noble/universe amd64 node-abbrev all 1.1.1+~1.1.2-1 [5,784 B]
Get:262 http://ftp.kaist.ac.kr/ubuntu noble/universe amd64 node-archy all 1.0.0-6 [4,588 B]
Get:263 http://ftp.kaist.ac.kr/ubuntu noble/universe amd64 node-async all 0.8.0-6 [2,614 B]
Get:264 http://ftp.kaist.ac.kr/ubuntu noble/universe amd64 node-convert-source-map all 1.9.0+~1.5.2-1 [8,332 B]
Get:265 http://ftp.kaist.ac.kr/ubuntu noble/universe amd64 node-decamelize all 4.0.0-2 [4,016 B]
Get:266 http://ftp.kaist.ac.kr/ubuntu noble/universe amd64 node-es6-error all 4.1.1-5 [5,802 B]
Get:267 http://ftp.kaist.ac.kr/ubuntu noble/universe amd64 node-esprima all 4.0.1+ds+~4.0.3-2 [69.3 kB]
Get:268 http://ftp.kaist.ac.kr/ubuntu noble/universe amd64 node-escodegen all 2.1.0+dfsg+~0.0.8-1 [23.5 kB]
Get:269 http://ftp.kaist.ac.kr/ubuntu noble/universe amd64 node-commondir all 1.0.1+~1.0.0-1 [4,400 B]
Get:270 http://ftp.kaist.ac.kr/ubuntu noble/universe amd64 node-is-number all 7.0.0-4 [5,894 B]
Get:271 http://ftp.kaist.ac.kr/ubuntu noble/universe amd64 node-repeat-string all 1.6.1+repack-1 [5,660 B]
Get:272 http://ftp.kaist.ac.kr/ubuntu noble/universe amd64 node-to-regex-range all 5.0.1-4 [10.7 kB]
Get:273 http://ftp.kaist.ac.kr/ubuntu noble/universe amd64 node-fill-range all 7.0.1+~7.0.0-1 [9,098 B]
Get:274 http://ftp.kaist.ac.kr/ubuntu noble/universe amd64 node-braces all 3.0.2+~3.0.1-1 [19.4 kB]
Get:275 http://ftp.kaist.ac.kr/ubuntu noble/universe amd64 node-normalize-path all 3.0.0+~3.0.0-1 [6,718 B]
Get:276 http://ftp.kaist.ac.kr/ubuntu noble/universe amd64 node-anymatch all 3.1.3+~cs4.6.1-2 [31.3 kB]
Get:277 http://ftp.kaist.ac.kr/ubuntu noble/universe amd64 node-micromatch all 4.0.5+~4.0.2-1 [23.5 kB]
Get:278 http://ftp.kaist.ac.kr/ubuntu noble/universe amd64 node-pify all 5.0.0+~cs5.0.1-1 [7,148 B]
Get:279 http://ftp.kaist.ac.kr/ubuntu noble/universe amd64 node-path-type all 4.0.0-3 [3,934 B]
Get:280 http://ftp.kaist.ac.kr/ubuntu noble/universe amd64 node-n3 all 1.16.3+~1.2.3+~1.10.4-1 [37.7 kB]
Get:281 http://ftp.kaist.ac.kr/ubuntu noble/universe amd64 node-slash all 4.0.0-3 [4,326 B]
Get:282 http://ftp.kaist.ac.kr/ubuntu noble/universe amd64 node-globby all 13.1.3+~cs16.25.40-2 [41.4 kB]
Get:283 http://ftp.kaist.ac.kr/ubuntu noble/universe amd64 node-graceful-fs all 4.2.10-1 [14.0 kB]
Get:284 http://ftp.kaist.ac.kr/ubuntu noble/universe amd64 node-is-path-cwd all 2.2.0-2 [3,650 B]
Get:285 http://ftp.kaist.ac.kr/ubuntu noble/universe amd64 node-path-is-inside all 1.0.2+~1.0.0-1 [5,098 B]
Get:286 http://ftp.kaist.ac.kr/ubuntu noble/universe amd64 node-is-path-inside all 3.0.3-2 [3,982 B]
Get:287 http://ftp.kaist.ac.kr/ubuntu noble/universe amd64 node-escape-string-regexp all 4.0.0-2 [4,328 B]
Get:288 http://ftp.kaist.ac.kr/ubuntu noble/universe amd64 node-indent-string all 4.0.0-2 [4,122 B]
Get:289 http://ftp.kaist.ac.kr/ubuntu noble/universe amd64 node-p-map all 4.0.0+~3.1.0+~3.0.1-1 [8,058 B]
Get:290 http://ftp.kaist.ac.kr/ubuntu noble/universe amd64 node-del all 7.0.0-5 [6,928 B]
Get:291 http://ftp.kaist.ac.kr/ubuntu noble/universe amd64 node-make-dir all 3.1.0-3 [6,096 B]
Get:292 http://ftp.kaist.ac.kr/ubuntu noble/universe amd64 node-p-limit all 4.0.0+~cs4.0.0-5 [7,722 B]
Get:293 http://ftp.kaist.ac.kr/ubuntu noble/universe amd64 node-p-locate all 6.0.0-12 [5,340 B]
Get:294 http://ftp.kaist.ac.kr/ubuntu noble/universe amd64 node-locate-path all 7.1.1-2 [5,448 B]
Get:295 http://ftp.kaist.ac.kr/ubuntu noble/universe amd64 node-path-exists all 5.0.0-8 [4,602 B]
Get:296 http://ftp.kaist.ac.kr/ubuntu noble/universe amd64 node-find-up all 6.3.0-7 [9,340 B]
Get:297 http://ftp.kaist.ac.kr/ubuntu noble/universe amd64 node-pkg-dir all 5.0.0-2 [4,270 B]
Get:298 http://ftp.kaist.ac.kr/ubuntu noble/universe amd64 node-find-cache-dir all 3.3.2+~3.2.1-1 [6,210 B]
Get:299 http://ftp.kaist.ac.kr/ubuntu noble/universe amd64 node-signal-exit all 4.1.0-6 [14.1 kB]
Get:300 http://ftp.kaist.ac.kr/ubuntu noble/universe amd64 node-foreground-child all 3.1.1-2 [12.4 kB]                 
Get:301 http://ftp.kaist.ac.kr/ubuntu noble/universe amd64 node-is-stream all 3.0.0-4 [5,106 B]                        
Get:302 http://ftp.kaist.ac.kr/ubuntu noble/universe amd64 node-is-windows all 1.0.2+~cs1.0.0-1 [5,980 B]              
Get:303 http://ftp.kaist.ac.kr/ubuntu noble/universe amd64 node-ampproject-remapping all 2.2.0+~cs5.15.37-1 [62.4 kB]  
Get:304 http://ftp.kaist.ac.kr/ubuntu noble/universe amd64 node-sprintf-js all 1.1.2+ds1+~1.1.2-1 [3,916 B]            
Get:305 http://ftp.kaist.ac.kr/ubuntu noble/universe amd64 node-argparse all 2.0.1-2 [33.2 kB]                         
Get:306 http://ftp.kaist.ac.kr/ubuntu noble/universe amd64 node-js-yaml all 4.1.0+dfsg+~4.0.5-7 [61.9 kB]              
Get:307 http://ftp.kaist.ac.kr/ubuntu noble/universe amd64 node-nopt all 5.0.0-4 [10.9 kB]                             
Get:308 http://ftp.kaist.ac.kr/ubuntu noble/universe amd64 node-npm-run-path all 5.1.0+~4.0.0-8 [6,402 B]              
Get:309 http://ftp.kaist.ac.kr/ubuntu noble/universe amd64 node-shebang-regex all 3.0.0-2 [3,504 B]                    
Get:310 http://ftp.kaist.ac.kr/ubuntu noble/universe amd64 node-shebang-command all 2.0.0-1 [3,456 B]                  
Get:311 http://ftp.kaist.ac.kr/ubuntu noble/universe amd64 node-strip-bom all 4.0.0-2 [4,158 B]                        
Get:312 http://ftp.kaist.ac.kr/ubuntu noble/universe amd64 node-has-flag all 4.0.0-3 [4,268 B]                         
Get:313 http://ftp.kaist.ac.kr/ubuntu noble/universe amd64 node-supports-color all 8.1.1+~8.1.1-1 [7,048 B]            
Get:314 http://ftp.kaist.ac.kr/ubuntu noble/universe amd64 node-util all 0.12.5+~1.0.10-1 [3,760 B]                    
Get:315 http://ftp.kaist.ac.kr/ubuntu noble/universe amd64 node-assert all 2.0.0+~cs3.9.8-2 [26.2 kB]                  
Get:316 http://ftp.kaist.ac.kr/ubuntu noble/universe amd64 node-babel-plugin-add-module-exports all 1.0.4+dfsg1~cs5.8.0-4 [8,860 B]
Get:317 http://ftp.kaist.ac.kr/ubuntu noble/universe amd64 node-regenerator-runtime all 0.15.2+~0.10.8-1 [10.9 kB]     
Get:318 http://ftp.kaist.ac.kr/ubuntu noble/universe amd64 node-babel7-runtime all 7.20.15+ds1+~cs214.269.168-6build1 [43.2 kB]
Get:319 http://ftp.kaist.ac.kr/ubuntu noble/universe amd64 node-babel-helper-define-polyfill-provider all 0.3.3~0~20220913+ds1-1 [28.4 kB]
Get:320 http://ftp.kaist.ac.kr/ubuntu noble/universe amd64 node-babel-plugin-polyfill-corejs2 all 0.3.3~0~20220913+ds1-1 [17.2 kB]
Get:321 http://ftp.kaist.ac.kr/ubuntu noble/universe amd64 node-caniuse-lite all 1.0.30001571+dfsg+~1.0.5-1 [348 kB]   
Get:322 http://ftp.kaist.ac.kr/ubuntu noble/universe amd64 node-electron-to-chromium all 1.4.616-1 [39.6 kB]           
Get:323 http://ftp.kaist.ac.kr/ubuntu noble/universe amd64 node-picocolors all 1.0.0-4 [6,176 B]                       
Get:324 http://ftp.kaist.ac.kr/ubuntu noble/universe amd64 node-browserslist all 4.22.1+~cs6.1.28-1 [72.9 kB]          
Get:325 http://ftp.kaist.ac.kr/ubuntu noble/universe amd64 node-core-js-compat all 3.33.2-1build2 [39.1 kB]            
Get:326 http://ftp.kaist.ac.kr/ubuntu noble/universe amd64 node-babel-plugin-polyfill-corejs3 all 0.6.0~0~20220913+ds1-1 [30.2 kB]
Get:327 http://ftp.kaist.ac.kr/ubuntu noble/universe amd64 node-babel-plugin-polyfill-regenerator all 0.4.1~0~20220913+ds1-1 [4,366 B]
Get:328 http://ftp.kaist.ac.kr/ubuntu noble/universe amd64 node-color-name all 1.1.4+~1.1.1-2 [6,076 B]                
Get:329 http://ftp.kaist.ac.kr/ubuntu noble/universe amd64 node-color-convert all 2.0.1+~cs2.0.0-2 [12.8 kB]           
Get:330 http://ftp.kaist.ac.kr/ubuntu noble/universe amd64 node-ansi-styles all 6.2.1-2 [8,768 B]                      
Get:331 http://ftp.kaist.ac.kr/ubuntu noble/universe amd64 node-chalk all 5.3.0-1build1 [18.8 kB]                      
Get:332 http://ftp.kaist.ac.kr/ubuntu noble/universe amd64 node-for-in all 1.0.2-4 [4,856 B]                           
Get:333 http://ftp.kaist.ac.kr/ubuntu noble/universe amd64 node-for-own all 1.0.0-3 [4,708 B]                          
Get:334 http://ftp.kaist.ac.kr/ubuntu noble/universe amd64 node-is-plain-object all 5.0.0-7 [6,338 B]                  
Get:335 http://ftp.kaist.ac.kr/ubuntu noble/universe amd64 node-is-extendable all 1.0.1-3 [5,258 B]                    
Get:336 http://ftp.kaist.ac.kr/ubuntu noble/universe amd64 node-clone-deep all 4.0.1+~cs7.0.2-1 [6,822 B]              
Get:337 http://ftp.kaist.ac.kr/ubuntu noble/universe amd64 node-core-js all 3.33.2-1build2 [270 kB]                    
Get:338 http://ftp.kaist.ac.kr/ubuntu noble/universe amd64 node-core-js-pure all 3.33.2-1build2 [250 kB]               
Get:339 http://ftp.kaist.ac.kr/ubuntu noble/universe amd64 node-fs-readdir-recursive all 1.1.0+~1.1.0-1 [4,552 B]      
Get:340 http://ftp.kaist.ac.kr/ubuntu noble/universe amd64 node-js-tokens all 8.0.0-2 [12.1 kB]                        
Get:341 http://ftp.kaist.ac.kr/ubuntu noble/universe amd64 node-jsesc all 3.0.2+~3.0.1-1 [18.0 kB]                     
Get:342 http://ftp.kaist.ac.kr/ubuntu noble/universe amd64 node-json5 all 2.2.3+dfsg-1build1 [21.9 kB]                 
Get:343 http://ftp.kaist.ac.kr/ubuntu noble/universe amd64 node-quick-lru all 6.1.1-4 [8,190 B]                        
Get:344 http://ftp.kaist.ac.kr/ubuntu noble/universe amd64 node-regenerator-transform all 0.15.2+~0.10.8-1 [25.5 kB]   
Get:345 http://ftp.kaist.ac.kr/ubuntu noble/universe amd64 node-regjsgen all 0.7.1+ds-1 [7,048 B]                      
Get:346 http://ftp.kaist.ac.kr/ubuntu noble/universe amd64 node-regjsparser all 0.9.1+ds-2 [21.6 kB]                   
Get:347 http://ftp.kaist.ac.kr/ubuntu noble/universe amd64 node-unicode-canonical-property-names-ecmascript all 2.0.0-2 [4,558 B]
Get:348 http://ftp.kaist.ac.kr/ubuntu noble/universe amd64 node-unicode-property-aliases-ecmascript all 2.1.0+ds-1 [5,316 B]
Get:349 http://ftp.kaist.ac.kr/ubuntu noble/universe amd64 node-unicode-match-property-ecmascript all 2.0.0-2 [4,420 B]
Get:350 http://ftp.kaist.ac.kr/ubuntu noble/universe amd64 node-unicode-match-property-value-ecmascript all 2.1.0+ds-1 [7,486 B]
Get:351 http://ftp.kaist.ac.kr/ubuntu noble/universe amd64 node-regexpu-core all 5.2.2-3 [15.5 kB]                     
Get:352 http://ftp.kaist.ac.kr/ubuntu noble/universe amd64 node-source-map-support all 0.5.21+ds+~0.5.4-1 [14.2 kB]    
Get:353 http://ftp.kaist.ac.kr/ubuntu noble/universe amd64 node-to-fast-properties all 3.0.1-3 [4,334 B]               
Get:354 http://ftp.kaist.ac.kr/ubuntu noble/universe amd64 node-v8flags all 3.2.0+~3.1.1-1 [7,766 B]                   
Get:355 http://ftp.kaist.ac.kr/ubuntu noble/universe amd64 node-babel7 all 7.20.15+ds1+~cs214.269.168-6build1 [627 kB] 
Get:356 http://ftp.kaist.ac.kr/ubuntu noble/universe amd64 node-is-arrayish all 0.3.2-3 [3,970 B]                      
Get:357 http://ftp.kaist.ac.kr/ubuntu noble/universe amd64 node-error-ex all 1.3.2-4 [5,708 B]                         
Get:358 http://ftp.kaist.ac.kr/ubuntu noble/universe amd64 node-json-parse-better-errors all 1.0.2+~cs3.3.1-2 [7,384 B]
Get:359 http://ftp.kaist.ac.kr/ubuntu noble/universe amd64 node-parse-json all 5.2.0+~cs5.1.7-1 [7,516 B]              
Get:360 http://ftp.kaist.ac.kr/ubuntu noble/universe amd64 node-hosted-git-info all 6.1.1-2 [9,904 B]                  
Get:361 http://ftp.kaist.ac.kr/ubuntu noble/universe amd64 node-spdx-license-ids all 3.0.12-1 [6,488 B]                
Get:362 http://ftp.kaist.ac.kr/ubuntu noble/universe amd64 node-spdx-exceptions all 2.3.0-2 [3,978 B]                  
Get:363 http://ftp.kaist.ac.kr/ubuntu noble/universe amd64 node-spdx-expression-parse all 3.0.1+~3.0.1-1 [7,658 B]     
Get:364 http://ftp.kaist.ac.kr/ubuntu noble/universe amd64 node-spdx-correct all 3.1.1-2 [5,476 B]                     
Get:365 http://ftp.kaist.ac.kr/ubuntu noble/universe amd64 node-validate-npm-package-license all 3.0.4-2 [4,252 B]     
Get:366 http://ftp.kaist.ac.kr/ubuntu noble/universe amd64 node-normalize-package-data all 4.0.1+~2.4.1-1 [13.1 kB]    
Get:367 http://ftp.kaist.ac.kr/ubuntu noble/universe amd64 node-read-pkg all 5.2.0-2 [24.5 kB]                         
Get:368 http://ftp.kaist.ac.kr/ubuntu noble/universe amd64 node-uuid all 8.3.2+~8.3.3-4 [36.0 kB]                      
Get:369 http://ftp.kaist.ac.kr/ubuntu noble/universe amd64 node-isexe all 2.0.0+~2.0.1-5 [6,078 B]                     
Get:370 http://ftp.kaist.ac.kr/ubuntu noble/universe amd64 node-which all 2.0.2+~cs1.3.2-3 [7,154 B]                   
Get:371 http://ftp.kaist.ac.kr/ubuntu noble/universe amd64 node-is-typedarray all 1.0.0-4 [2,072 B]                    
Get:372 http://ftp.kaist.ac.kr/ubuntu noble/universe amd64 node-typedarray-to-buffer all 4.0.0-2 [2,242 B]             
Get:373 http://ftp.kaist.ac.kr/ubuntu noble/universe amd64 node-write-file-atomic all 4.0.2+~4.0.0-2 [8,750 B]         
Get:374 http://ftp.kaist.ac.kr/ubuntu noble/universe amd64 node-slice-ansi all 5.0.0+~cs9.0.0-5 [9,044 B]              
Get:375 http://ftp.kaist.ac.kr/ubuntu noble/universe amd64 node-ansi-regex all 5.0.1-1 [4,984 B]                       
Get:376 http://ftp.kaist.ac.kr/ubuntu noble/universe amd64 node-strip-ansi all 6.0.1-2 [4,128 B]                       
Get:377 http://ftp.kaist.ac.kr/ubuntu noble/universe amd64 node-clone all 2.1.2+~2.1.2-1 [9,340 B]                     
Get:378 http://ftp.kaist.ac.kr/ubuntu noble/universe amd64 node-defaults all 1.0.4+~1.0.3-1 [4,394 B]                  
Get:379 http://ftp.kaist.ac.kr/ubuntu noble/universe amd64 node-wcwidth.js all 1.0.2-2 [7,204 B]                       
Get:380 http://ftp.kaist.ac.kr/ubuntu noble/universe amd64 node-string-width all 4.2.3+~cs13.2.3-1 [11.4 kB]           
Get:381 http://ftp.kaist.ac.kr/ubuntu noble/universe amd64 node-wrap-ansi all 8.0.1+~8.0.1-3 [12.2 kB]                 
Get:382 http://ftp.kaist.ac.kr/ubuntu noble/universe amd64 node-cliui all 7.0.4+repack+~cs3.1.0-4 [10.8 kB]            
Get:383 http://ftp.kaist.ac.kr/ubuntu noble/universe amd64 node-get-caller-file all 2.0.5+~cs1.1.1-4 [5,774 B]         
Get:384 http://ftp.kaist.ac.kr/ubuntu noble/universe amd64 node-require-directory all 2.1.1+~2.1.2-1 [7,190 B]         
Get:385 http://ftp.kaist.ac.kr/ubuntu noble/universe amd64 node-y18n all 5.0.8+~5.0.0-3 [9,390 B]                      
Get:386 http://ftp.kaist.ac.kr/ubuntu noble/universe amd64 node-camelcase all 7.0.0-3 [6,104 B]                        
Get:387 http://ftp.kaist.ac.kr/ubuntu noble/universe amd64 node-yargs-parser all 21.1.1+~21.0.0-4 [23.6 kB]            
Get:388 http://ftp.kaist.ac.kr/ubuntu noble/universe amd64 node-yargs all 16.2.0+~16.0.4-7 [123 kB]                    
Get:389 http://ftp.kaist.ac.kr/ubuntu noble/universe amd64 node-istanbul all 0.4.5+repack10+~cs98.25.59-2 [211 kB]     
Get:390 http://ftp.kaist.ac.kr/ubuntu noble/universe amd64 node-through all 2.3.8+~cs0.0.30-1 [5,496 B]                
Get:391 http://ftp.kaist.ac.kr/ubuntu noble/universe amd64 node-resumer all 0.0.0-6 [4,054 B]                          
Get:392 http://ftp.kaist.ac.kr/ubuntu noble/universe amd64 node-tape all 5.6.1+~cs8.20.19-1 [31.3 kB]                  
Get:393 http://ftp.kaist.ac.kr/ubuntu noble/universe amd64 node-deep-equal all 2.2.3+~cs43.15.94-1 [39.6 kB]           
Get:394 http://ftp.kaist.ac.kr/ubuntu noble/universe amd64 libjs-util all 0.12.5+~1.0.10-1 [15.4 kB]                   
Get:395 http://ftp.kaist.ac.kr/ubuntu noble-updates/main amd64 liblapack-dev amd64 3.12.0-3build1.1 [5,196 kB]         
Get:396 http://ftp.kaist.ac.kr/ubuntu noble/main amd64 libllvm17t64 amd64 1:17.0.6-9ubuntu1 [26.2 MB]                  
Get:397 http://ftp.kaist.ac.kr/ubuntu noble/universe amd64 mailutils-common all 1:3.17-1.1build3 [389 kB]              
Get:398 http://ftp.kaist.ac.kr/ubuntu noble/universe amd64 libmailutils9t64 amd64 1:3.17-1.1build3 [514 kB]            
Get:399 http://ftp.kaist.ac.kr/ubuntu noble/universe amd64 libmujs3 amd64 1.3.3-3build2 [134 kB]                       
Get:400 http://ftp.kaist.ac.kr/ubuntu noble/main amd64 libuv1-dev amd64 1.48.0-1.1build1 [136 kB]                      
Get:401 http://ftp.kaist.ac.kr/ubuntu noble/universe amd64 libnode-dev amd64 18.19.1+dfsg-6ubuntu5 [501 kB]            
Get:402 http://ftp.kaist.ac.kr/ubuntu noble/main amd64 libnotify-bin amd64 0.8.3-1build2 [9,936 B]                     
Get:403 http://ftp.kaist.ac.kr/ubuntu noble/main amd64 libptexenc1 amd64 2023.20230311.66589-9build3 [40.4 kB]         
Get:404 http://ftp.kaist.ac.kr/ubuntu noble/main amd64 libreadline-dev amd64 8.2-4build1 [167 kB]                      
Get:405 http://ftp.kaist.ac.kr/ubuntu noble-updates/main amd64 libstd-rust-1.75 amd64 1.75.0+dfsg0ubuntu1-0ubuntu7.4 [20.2 MB]
Get:406 http://ftp.kaist.ac.kr/ubuntu noble/main amd64 libsynctex2 amd64 2023.20230311.66589-9build3 [59.6 kB]         
Get:407 http://ftp.kaist.ac.kr/ubuntu noble/universe amd64 libteckit0 amd64 2.5.12+ds1-1 [411 kB]                      
Get:408 http://ftp.kaist.ac.kr/ubuntu noble/main amd64 libtexlua53-5 amd64 2023.20230311.66589-9build3 [123 kB]        
Get:409 http://ftp.kaist.ac.kr/ubuntu noble/universe amd64 libvhdi1 amd64 20210425-1build5 [425 kB]                    
Get:410 http://ftp.kaist.ac.kr/ubuntu noble/universe amd64 libvmdk1 amd64 20200926-2build5 [453 kB]                    
Get:411 http://ftp.kaist.ac.kr/ubuntu noble/universe amd64 libtsk19t64 amd64 4.12.1+dfsg-1.1ubuntu2 [435 kB]           
Get:412 http://ftp.kaist.ac.kr/ubuntu noble/universe amd64 libzzip-0-13t64 amd64 0.13.72+dfsg.1-1.2build1 [28.1 kB]    
Get:413 http://ftp.kaist.ac.kr/ubuntu noble/universe amd64 tex-common all 6.18 [32.8 kB]                               
Get:414 http://ftp.kaist.ac.kr/ubuntu noble/universe amd64 lmodern all 2.005-1 [9,542 kB]                              
Get:415 http://ftp.kaist.ac.kr/ubuntu noble/universe amd64 mailutils amd64 1:3.17-1.1build3 [127 kB]                   
Get:416 http://ftp.kaist.ac.kr/ubuntu noble-updates/universe amd64 mesa-va-drivers amd64 25.2.8-0ubuntu0.24.04.2 [6,784 B]
Get:417 http://ftp.kaist.ac.kr/ubuntu noble-updates/main amd64 mesa-vdpau-drivers amd64 25.2.8-0ubuntu0.24.04.2 [23.2 kB]
Get:418 http://ftp.kaist.ac.kr/ubuntu noble/universe amd64 mupdf-tools amd64 1.23.10+ds1-1build3 [49.3 MB]             
Get:419 http://ftp.kaist.ac.kr/ubuntu noble-updates/main amd64 ncurses-term all 6.4+20240113-1ubuntu2.1 [275 kB]       
Get:420 http://ftp.kaist.ac.kr/ubuntu noble-updates/main amd64 nginx-common all 1.24.0-2ubuntu7.13 [44.5 kB]           
Get:421 http://ftp.kaist.ac.kr/ubuntu noble-updates/main amd64 nginx amd64 1.24.0-2ubuntu7.13 [524 kB]                 
Get:422 http://ftp.kaist.ac.kr/ubuntu noble/universe amd64 node-ajv-keywords all 5.1.0-4 [33.1 kB]                     
Get:423 http://ftp.kaist.ac.kr/ubuntu noble/universe amd64 node-ansi-escapes all 5.0.0+really.4.3.1-1 [9,070 B]        
Get:424 http://ftp.kaist.ac.kr/ubuntu noble/universe amd64 node-aproba all 2.0.0-3 [5,698 B]                           
Get:425 http://ftp.kaist.ac.kr/ubuntu noble/universe amd64 node-delegates all 1.0.0-3 [4,280 B]                        
Get:426 http://ftp.kaist.ac.kr/ubuntu noble/universe amd64 node-are-we-there-yet all 3.0.1+~1.1.0-1 [9,066 B]          
Get:427 http://ftp.kaist.ac.kr/ubuntu noble/universe amd64 node-async-each all 1.0.3-3 [4,174 B]                       
Get:428 http://ftp.kaist.ac.kr/ubuntu noble/universe amd64 node-auto-bind all 4.0.0-2 [4,842 B]                        
Get:429 http://ftp.kaist.ac.kr/ubuntu noble/universe amd64 node-babel-plugin-lodash all 3.3.4+~cs2.0.1-7 [11.3 kB]     
Get:430 http://ftp.kaist.ac.kr/ubuntu noble/universe amd64 node-object-visit all 1.0.1-5 [4,884 B]                     
Get:431 http://ftp.kaist.ac.kr/ubuntu noble/universe amd64 node-map-visit all 1.0.0-4 [6,214 B]                        
Get:432 http://ftp.kaist.ac.kr/ubuntu noble/universe amd64 node-collection-visit all 1.0.0-4 [4,950 B]                 
Get:433 http://ftp.kaist.ac.kr/ubuntu noble/universe amd64 node-get-value all 1:3.0.1-4 [5,308 B]                      
Get:434 http://ftp.kaist.ac.kr/ubuntu noble/universe amd64 node-sellside-emitter all 1.2.1-3 [4,492 B]                 
Get:435 http://ftp.kaist.ac.kr/ubuntu noble/universe amd64 node-is-primitive all 3.0.1-3 [4,840 B]                     
Get:436 http://ftp.kaist.ac.kr/ubuntu noble/universe amd64 node-set-value all 4.1.0+~4.0.1-2 [10.5 kB]                 
Get:437 http://ftp.kaist.ac.kr/ubuntu noble/universe amd64 node-union-value all 2.0.1-4 [5,392 B]                      
Get:438 http://ftp.kaist.ac.kr/ubuntu noble/universe amd64 node-has-values all 2.0.1-4 [5,674 B]                       
Get:439 http://ftp.kaist.ac.kr/ubuntu noble/universe amd64 node-has-value all 2.0.2-4 [6,058 B]                        
Get:440 http://ftp.kaist.ac.kr/ubuntu noble/universe amd64 node-unset-value all 2.0.1-1 [5,974 B]                      
Get:441 http://ftp.kaist.ac.kr/ubuntu noble/universe amd64 node-cache-base all 4.0.2-1 [11.2 kB]                       
Get:442 http://ftp.kaist.ac.kr/ubuntu noble/universe amd64 node-mixin-deep all 2.0.1-3 [5,472 B]                       
Get:443 http://ftp.kaist.ac.kr/ubuntu noble/universe amd64 node-pascalcase all 1.0.0-1 [5,036 B]                       
Get:444 http://ftp.kaist.ac.kr/ubuntu noble/universe amd64 node-base all 3.0.0-3 [11.8 kB]                             
Get:445 http://ftp.kaist.ac.kr/ubuntu noble/universe amd64 node-base64-js all 1.5.1+dfsg+~1.3.0-2 [7,236 B]            
Get:446 http://ftp.kaist.ac.kr/ubuntu noble/universe amd64 node-binary-extensions all 2.2.0-2 [4,488 B]                
Get:447 http://ftp.kaist.ac.kr/ubuntu noble/universe amd64 node-builtins all 5.0.1-1 [4,082 B]                         
Get:448 http://ftp.kaist.ac.kr/ubuntu noble/universe amd64 node-chownr all 2.0.0-2 [4,446 B]                           
Get:449 http://ftp.kaist.ac.kr/ubuntu noble/universe amd64 node-iconv-lite all 0.6.3-3 [158 kB]                        
Get:450 http://ftp.kaist.ac.kr/ubuntu noble/universe amd64 node-encoding all 0.1.13-2 [4,366 B]                        
Get:451 http://ftp.kaist.ac.kr/ubuntu noble/universe amd64 node-jsonparse all 1.3.1-10 [8,060 B]                       
Get:452 http://ftp.kaist.ac.kr/ubuntu noble/universe amd64 node-minipass all 3.3.6+~cs9.4.19-1 [42.3 kB]               
Get:453 http://ftp.kaist.ac.kr/ubuntu noble/universe amd64 node-iferr all 1.0.2+~1.0.2-1 [4,610 B]                     
Get:454 http://ftp.kaist.ac.kr/ubuntu noble/universe amd64 node-fs-write-stream-atomic all 1.0.10-6 [5,362 B]          
Get:455 http://ftp.kaist.ac.kr/ubuntu noble/universe amd64 node-run-queue all 2.0.0-3 [5,086 B]                        
Get:456 http://ftp.kaist.ac.kr/ubuntu noble/universe amd64 node-copy-concurrently all 1.0.5-9 [7,200 B]                
Get:457 http://ftp.kaist.ac.kr/ubuntu noble/universe amd64 node-move-concurrently all 1.0.1-5 [5,182 B]                
Get:458 http://ftp.kaist.ac.kr/ubuntu noble/universe amd64 node-promise-inflight all 1.0.1+~1.0.0-1 [4,896 B]          
Get:459 http://ftp.kaist.ac.kr/ubuntu noble/universe amd64 node-ssri all 9.0.1-2 [14.7 kB]                             
Get:460 http://ftp.kaist.ac.kr/ubuntu noble/universe amd64 node-unique-filename all 1.1.1+ds-2 [3,914 B]               
Get:461 http://ftp.kaist.ac.kr/ubuntu noble/universe amd64 node-cacache all 17.0.3+~cs10.3.7-1 [33.9 kB]               
Get:462 http://ftp.kaist.ac.kr/ubuntu noble/universe amd64 node-is-binary-path all 2.1.0-5 [3,676 B]                   
Get:463 http://ftp.kaist.ac.kr/ubuntu noble/universe amd64 node-path-is-absolute all 2.0.0-2 [4,062 B]                 
Get:464 http://ftp.kaist.ac.kr/ubuntu noble/universe amd64 node-set-immediate-shim all 2.0.0-2 [3,696 B]               
Get:465 http://ftp.kaist.ac.kr/ubuntu noble/universe amd64 node-readdirp all 3.6.0-1 [11.8 kB]                         
Get:466 http://ftp.kaist.ac.kr/ubuntu noble/universe amd64 node-chokidar all 3.6.0-2 [32.9 kB]                         
Get:467 http://ftp.kaist.ac.kr/ubuntu noble/universe amd64 node-tslib all 2.4.1-1 [19.7 kB]                            
Get:468 http://ftp.kaist.ac.kr/ubuntu noble/universe amd64 node-chrome-trace-event all 1.0.3-2 [6,680 B]               
Get:469 http://ftp.kaist.ac.kr/ubuntu noble/universe amd64 node-ci-info all 4.0.0+~cs1.1.0-1build2 [11.2 kB]           
Get:470 http://ftp.kaist.ac.kr/ubuntu noble/universe amd64 node-cli-boxes all 3.0.0-1build2 [4,960 B]                  
Get:471 http://ftp.kaist.ac.kr/ubuntu noble/universe amd64 node-restore-cursor all 4.0.0-4 [4,488 B]                   
Get:472 http://ftp.kaist.ac.kr/ubuntu noble/universe amd64 node-cli-cursor all 4.0.0-3 [8,002 B]                       
Get:473 http://ftp.kaist.ac.kr/ubuntu noble/universe amd64 node-cli-truncate all 2.1.0-5 [5,714 B]                     
Get:474 http://ftp.kaist.ac.kr/ubuntu noble/universe amd64 node-colors all 1.4.0-4 [12.0 kB]                           
Get:475 http://ftp.kaist.ac.kr/ubuntu noble/universe amd64 node-columnify all 1.6.0+~1.5.1-1 [12.7 kB]                 
Get:476 http://ftp.kaist.ac.kr/ubuntu noble/universe amd64 node-console-control-strings all 1.1.0-3 [5,616 B]          
Get:477 http://ftp.kaist.ac.kr/ubuntu noble/universe amd64 node-growl all 1.10.5-4 [7,064 B]                           
Get:478 http://ftp.kaist.ac.kr/ubuntu noble/universe amd64 node-lcov-parse all 1.0.0+20170612git80d039574ed9-6 [5,140 B]
Get:479 http://ftp.kaist.ac.kr/ubuntu noble/universe amd64 node-log-driver all 1.2.7+git+20180219+bba1761737-7 [5,436 B]
Get:480 http://ftp.kaist.ac.kr/ubuntu noble/universe amd64 node-data-uri-to-buffer all 5.0.1~0~2023071921-5 [6,848 B]  
Get:481 http://ftp.kaist.ac.kr/ubuntu noble/universe amd64 node-fetch all 3.3.2+~cs11.4.11-1 [559 kB]                  
Get:482 http://ftp.kaist.ac.kr/ubuntu noble/universe amd64 node-coveralls all 3.1.1-2build1 [14.2 kB]                  
Get:483 http://ftp.kaist.ac.kr/ubuntu noble/universe amd64 node-css-selector-tokenizer all 0.8.0+~cs4.8.3-1 [13.2 kB]  
Get:484 http://ftp.kaist.ac.kr/ubuntu noble/universe amd64 node-postcss all 8.4.31+~cs8.0.26-1 [180 kB]                
Get:485 http://ftp.kaist.ac.kr/ubuntu noble/universe amd64 node-icss-utils all 5.1.0+~5.1.0-1 [7,176 B]                
Get:486 http://ftp.kaist.ac.kr/ubuntu noble/universe amd64 node-postcss-modules-extract-imports all 3.0.0-2 [6,080 B]  
Get:487 http://ftp.kaist.ac.kr/ubuntu noble/universe amd64 node-postcss-modules-values all 4.0.0+~4.0.0-1 [6,624 B]    
Get:488 http://ftp.kaist.ac.kr/ubuntu noble/universe amd64 node-postcss-value-parser all 4.2.0-1 [10.6 kB]             
Get:489 http://ftp.kaist.ac.kr/ubuntu noble/universe amd64 node-prr all 1.0.1-3 [4,344 B]                              
Get:490 http://ftp.kaist.ac.kr/ubuntu noble/universe amd64 node-errno all 1.0.0-3 [7,962 B]                            
Get:491 http://ftp.kaist.ac.kr/ubuntu noble/universe amd64 node-memory-fs all 0.5.0+~0.3.3-2 [7,744 B]                 
Get:492 http://ftp.kaist.ac.kr/ubuntu noble/universe amd64 node-tapable all 2.2.1-3 [13.8 kB]                          
Get:493 http://ftp.kaist.ac.kr/ubuntu noble/universe amd64 node-enhanced-resolve all 5.15.0-1 [36.9 kB]                
Get:494 http://ftp.kaist.ac.kr/ubuntu noble/universe amd64 node-es-module-lexer all 1.1.0+dfsg-3 [20.7 kB]             
Get:495 http://ftp.kaist.ac.kr/ubuntu noble/universe amd64 node-events all 3.3.0+~3.0.0-3 [3,084 B]                    
Get:496 http://ftp.kaist.ac.kr/ubuntu noble/universe amd64 node-resolve-cwd all 3.0.0-2 [4,216 B]                      
Get:497 http://ftp.kaist.ac.kr/ubuntu noble/universe amd64 node-jest-debbundle all 29.6.2~ds1+~cs73.45.28-5 [55.4 kB]  
Get:498 http://ftp.kaist.ac.kr/ubuntu noble/universe amd64 node-interpret all 2.2.0-3 [6,946 B]                        
Get:499 http://ftp.kaist.ac.kr/ubuntu noble/universe amd64 node-merge-stream all 2.0.0+~1.1.2-2 [5,178 B]              
Get:500 http://ftp.kaist.ac.kr/ubuntu noble/universe amd64 node-jest-worker all 29.6.2~ds1+~cs73.45.28-5 [42.4 kB]     
Get:501 http://ftp.kaist.ac.kr/ubuntu noble/universe amd64 node-loader-runner all 4.3.0-1 [7,742 B]                    
Get:502 http://ftp.kaist.ac.kr/ubuntu noble/universe amd64 node-mime all 3.0.0+dfsg+~cs6.97.2-1 [37.8 kB]              
Get:503 http://ftp.kaist.ac.kr/ubuntu noble/universe amd64 node-mime-types all 2.1.35-2 [6,818 B]                      
Get:504 http://ftp.kaist.ac.kr/ubuntu noble/universe amd64 node-rechoir all 0.8.0+~0.6.1-2 [6,382 B]                   
Get:505 http://ftp.kaist.ac.kr/ubuntu noble/universe amd64 node-schema-utils all 4.2.0~ds-3build3 [19.2 kB]            
Get:506 http://ftp.kaist.ac.kr/ubuntu noble/universe amd64 node-randombytes all 2.1.0+~2.0.0-2 [4,812 B]               
Get:507 http://ftp.kaist.ac.kr/ubuntu noble/universe amd64 node-serialize-javascript all 6.0.1-1 [13.2 kB]             
Get:508 http://ftp.kaist.ac.kr/ubuntu noble/universe amd64 node-watchpack all 2.4.0+~cs2.8.1-1 [20.7 kB]               
Get:509 http://ftp.kaist.ac.kr/ubuntu noble/universe amd64 node-webassemblyjs all 1.11.4+dfsg+~cs10.11.17-2 [143 kB]   
Get:510 http://ftp.kaist.ac.kr/ubuntu noble/universe amd64 node-source-list-map all 2.0.1+dfsg+~0.1.2-1 [10.3 kB]      
Get:511 http://ftp.kaist.ac.kr/ubuntu noble/universe amd64 node-webpack-sources all 3.2.3+~3.2.0-2 [23.8 kB]           
Get:512 http://ftp.kaist.ac.kr/ubuntu noble/universe amd64 node-terser all 5.19.2-1 [202 kB]                           
Get:513 http://ftp.kaist.ac.kr/ubuntu noble/universe amd64 terser all 5.19.2-1 [4,266 B]                               
Get:514 http://ftp.kaist.ac.kr/ubuntu noble/universe amd64 webpack all 5.76.1+dfsg1+~cs17.16.16-1 [726 kB]             
Get:515 http://ftp.kaist.ac.kr/ubuntu noble/universe amd64 node-css-loader all 6.8.1+~cs14.0.17-1 [64.0 kB]            
Get:516 http://ftp.kaist.ac.kr/ubuntu noble/universe amd64 node-mimic-response all 3.1.0-8 [5,500 B]                   
Get:517 http://ftp.kaist.ac.kr/ubuntu noble/universe amd64 node-decompress-response all 6.0.0-2 [4,656 B]              
Get:518 http://ftp.kaist.ac.kr/ubuntu noble/universe amd64 node-diff all 5.0.0~dfsg+~5.0.1-4 [76.7 kB]                 
Get:519 http://ftp.kaist.ac.kr/ubuntu noble/universe amd64 node-err-code all 2.0.3+dfsg-3 [4,918 B]                    
Get:520 http://ftp.kaist.ac.kr/ubuntu noble/universe amd64 node-time-stamp all 2.2.0-2 [6,012 B]                       
Get:521 http://ftp.kaist.ac.kr/ubuntu noble/universe amd64 node-fancy-log all 1.3.3+~cs1.3.1-2 [8,102 B]               
Get:522 http://ftp.kaist.ac.kr/ubuntu noble/universe amd64 node-has-unicode all 2.0.1-5 [3,962 B]                      
Get:523 http://ftp.kaist.ac.kr/ubuntu noble/universe amd64 node-wide-align all 1.1.3-4 [4,228 B]                       
Get:524 http://ftp.kaist.ac.kr/ubuntu noble/universe amd64 node-gauge all 4.0.4-2 [16.1 kB]                            
Get:525 http://ftp.kaist.ac.kr/ubuntu noble/universe amd64 node-end-of-stream all 1.4.4+~1.4.1-1 [5,340 B]             
Get:526 http://ftp.kaist.ac.kr/ubuntu noble/universe amd64 node-pump all 3.0.0-5 [5,160 B]                             
Get:527 http://ftp.kaist.ac.kr/ubuntu noble/universe amd64 node-get-stream all 6.0.1-1 [7,324 B]                       
Get:528 http://ftp.kaist.ac.kr/ubuntu noble/universe amd64 node-lowercase-keys all 2.0.0-2 [3,754 B]                   
Get:529 http://ftp.kaist.ac.kr/ubuntu noble/universe amd64 node-json-buffer all 3.0.1+~3.0.0-1 [4,554 B]               
Get:530 http://ftp.kaist.ac.kr/ubuntu noble/universe amd64 node-p-cancelable all 2.1.1-1 [7,358 B]                     
Get:531 http://ftp.kaist.ac.kr/ubuntu noble/universe amd64 node-got all 11.8.5+~cs58.13.36-3 [122 kB]                  
Get:532 http://ftp.kaist.ac.kr/ubuntu noble/universe amd64 node-http-proxy-agent all 7.0.0~0~2023071921-5 [8,596 B]    
Get:533 http://ftp.kaist.ac.kr/ubuntu noble/universe amd64 node-ieee754 all 1.2.1-3 [5,340 B]                          
Get:534 http://ftp.kaist.ac.kr/ubuntu noble/universe amd64 node-ip all 2.0.0+~1.1.0-1ubuntu1 [8,798 B]                 
Get:535 http://ftp.kaist.ac.kr/ubuntu noble/universe amd64 node-ip-regex all 4.3.0+~4.1.1-1 [5,254 B]                  
Get:536 http://ftp.kaist.ac.kr/ubuntu noble/universe amd64 node-read-package-json all 5.0.2+~2.0.0-1 [10.8 kB]         
Get:537 http://ftp.kaist.ac.kr/ubuntu noble/universe amd64 node-npm-bundled all 2.0.1-2 [5,924 B]                      
Get:538 http://ftp.kaist.ac.kr/ubuntu noble/universe amd64 node-osenv all 0.1.5+~0.1.1-1 [5,972 B]                     
Get:539 http://ftp.kaist.ac.kr/ubuntu noble/universe amd64 node-validate-npm-package-name all 5.0.0+~4.0.0-1 [6,492 B] 
Get:540 http://ftp.kaist.ac.kr/ubuntu noble/universe amd64 node-npm-package-arg all 10.0.0+~3.0.0-2 [9,658 B]          
Get:541 http://ftp.kaist.ac.kr/ubuntu noble/universe amd64 node-opener all 1.5.2+~1.4.0-1 [6,000 B]                    
Get:542 http://ftp.kaist.ac.kr/ubuntu noble/universe amd64 node-retry all 0.13.1+~0.12.1-1 [11.5 kB]                   
Get:543 http://ftp.kaist.ac.kr/ubuntu noble/universe amd64 node-promise-retry all 2.0.1-4 [5,040 B]                    
Get:544 http://ftp.kaist.ac.kr/ubuntu noble/universe amd64 node-promzard all 0.3.0-2 [6,888 B]                         
Get:545 http://ftp.kaist.ac.kr/ubuntu noble/universe amd64 node-re2 amd64 1.20.10+~cs2.13.13-1 [49.4 kB]               
Get:546 http://ftp.kaist.ac.kr/ubuntu noble/universe amd64 node-require-from-string all 2.0.2+~1.2.1-1 [4,464 B]       
Get:547 http://ftp.kaist.ac.kr/ubuntu noble/universe amd64 node-set-blocking all 2.0.0-2 [3,766 B]                     
Get:548 http://ftp.kaist.ac.kr/ubuntu noble-updates/universe amd64 node-shell-quote all 1.7.4+~1.7.1-1ubuntu0.24.04.1 [8,400 B]
Get:549 http://ftp.kaist.ac.kr/ubuntu noble/universe amd64 node-stack-utils all 2.0.6+~2.0.1-1 [9,430 B]               
Get:550 http://ftp.kaist.ac.kr/ubuntu noble/universe amd64 node-yaml all 2.3.4-1build1 [121 kB]                        
Get:551 http://ftp.kaist.ac.kr/ubuntu noble/universe amd64 node-tap-parser all 11.0.2+~cs2.1.4-1 [63.1 kB]             
Get:552 http://ftp.kaist.ac.kr/ubuntu noble/universe amd64 node-tap-mocha-reporter all 5.0.3+~2.0.2-2 [39.5 kB]        
Get:553 http://ftp.kaist.ac.kr/ubuntu noble/universe amd64 node-text-table all 0.2.0-4 [4,762 B]                       
Get:554 http://ftp.kaist.ac.kr/ubuntu noble/universe amd64 node-widest-line all 3.1.0-2 [4,086 B]                      
Get:555 http://ftp.kaist.ac.kr/ubuntu noble/universe amd64 ocaml-man all 4.14.1-1ubuntu1 [555 kB]                      
Get:556 http://ftp.kaist.ac.kr/ubuntu noble/universe amd64 primer3 amd64 2.6.1-4 [221 kB]                              
Get:557 http://ftp.kaist.ac.kr/ubuntu noble/universe amd64 python3-spf all 2.0.14-3 [57.4 kB]                          
Get:558 http://ftp.kaist.ac.kr/ubuntu noble/main amd64 python3-sqlalchemy-ext amd64 1.4.50+ds1-1build1 [17.3 kB]       
Get:559 http://ftp.kaist.ac.kr/ubuntu noble/universe amd64 r-base-core amd64 4.3.3-2build2 [27.1 MB]                   
Get:560 http://ftp.kaist.ac.kr/ubuntu noble/universe amd64 r-cran-boot all 1.3-30-1 [619 kB]                           
Get:561 http://ftp.kaist.ac.kr/ubuntu noble/universe amd64 r-cran-cluster amd64 2.1.6-1build1 [553 kB]                 
Get:562 http://ftp.kaist.ac.kr/ubuntu noble/universe amd64 r-cran-foreign amd64 0.8.86-1build1 [242 kB]                
Get:563 http://ftp.kaist.ac.kr/ubuntu noble/universe amd64 r-cran-mass amd64 7.3-60.0.1-1 [1,119 kB]                   
Get:564 http://ftp.kaist.ac.kr/ubuntu noble/universe amd64 r-cran-kernsmooth amd64 2.23-22-1build1 [91.8 kB]           
Get:565 http://ftp.kaist.ac.kr/ubuntu noble/universe amd64 r-cran-lattice amd64 0.22-5-1build1 [1,341 kB]              
Get:566 http://ftp.kaist.ac.kr/ubuntu noble/universe amd64 r-cran-nlme amd64 3.1.164-1build1 [2,261 kB]                
Get:567 http://ftp.kaist.ac.kr/ubuntu noble/universe amd64 r-cran-matrix amd64 1.6-5-1 [3,830 kB]                      
Get:568 http://ftp.kaist.ac.kr/ubuntu noble/universe amd64 r-cran-mgcv amd64 1.9-1-1 [3,252 kB]                        
Get:569 http://ftp.kaist.ac.kr/ubuntu noble/universe amd64 r-cran-survival amd64 3.5-8-1 [6,120 kB]                    
Get:570 http://ftp.kaist.ac.kr/ubuntu noble/universe amd64 r-cran-rpart amd64 4.1.23-1build1 [661 kB]                  
Get:571 http://ftp.kaist.ac.kr/ubuntu noble/universe amd64 r-cran-class amd64 7.3-22-2build1 [88.2 kB]                 
Get:572 http://ftp.kaist.ac.kr/ubuntu noble/universe amd64 r-cran-nnet amd64 7.3-19-2build1 [112 kB]                   
Get:573 http://ftp.kaist.ac.kr/ubuntu noble/universe amd64 r-cran-spatial amd64 7.3-17-1build1 [132 kB]                
Get:574 http://ftp.kaist.ac.kr/ubuntu noble/universe amd64 r-cran-codetools all 0.2-19-1 [90.5 kB]                     
Get:575 http://ftp.kaist.ac.kr/ubuntu noble/universe amd64 r-recommended all 4.3.3-2build2 [2,636 B]                   
Get:576 http://ftp.kaist.ac.kr/ubuntu noble/universe amd64 r-base all 4.3.3-2build2 [9,304 B]                          
Get:577 http://ftp.kaist.ac.kr/ubuntu noble/universe amd64 r-base-dev all 4.3.3-2build2 [4,334 B]                      
Get:578 http://ftp.kaist.ac.kr/ubuntu noble/universe amd64 r-doc-html all 4.3.3-2build2 [587 kB]                       
Get:579 http://ftp.kaist.ac.kr/ubuntu noble-updates/main amd64 screen amd64 4.9.1-1ubuntu1 [654 kB]                    
Get:580 http://ftp.kaist.ac.kr/ubuntu noble/universe amd64 sleuthkit amd64 4.12.1+dfsg-1.1ubuntu2 [383 kB]             
Get:581 http://ftp.kaist.ac.kr/ubuntu noble/main amd64 t1utils amd64 1.41-4build3 [61.3 kB]                            
Get:582 http://ftp.kaist.ac.kr/ubuntu noble/universe amd64 texlive-binaries amd64 2023.20230311.66589-9build3 [8,529 kB]
Get:583 http://ftp.kaist.ac.kr/ubuntu noble/universe amd64 texlive-base all 2023.20240207-1 [21.7 MB]                  
Get:584 http://ftp.kaist.ac.kr/ubuntu noble/universe amd64 texlive-latex-base all 2023.20240207-1 [1,238 kB]           
Get:585 http://ftp.kaist.ac.kr/ubuntu noble-updates/universe amd64 i965-va-driver amd64 2.4.1+dfsg1-1ubuntu0.2 [332 kB]
Get:586 http://ftp.kaist.ac.kr/ubuntu noble-updates/universe amd64 va-driver-all amd64 2.20.0-2ubuntu0.2 [5,014 B]     
Get:587 http://ftp.kaist.ac.kr/ubuntu noble/main amd64 vdpau-driver-all amd64 1.5-2build1 [4,414 B]                    
Get:588 http://ftp.kaist.ac.kr/ubuntu noble-updates/main amd64 libstd-rust-dev amd64 1.75.0+dfsg0ubuntu1-0ubuntu7.4 [40.8 MB]
Get:589 http://ftp.kaist.ac.kr/ubuntu noble/universe amd64 node-cli-table all 0.3.11+~cs0.13.4-3 [23.2 kB]             
Get:590 http://ftp.kaist.ac.kr/ubuntu noble/universe amd64 node-depd all 2.0.0-2 [10.5 kB]                             
Get:591 http://ftp.kaist.ac.kr/ubuntu noble/universe amd64 node-npmlog all 7.0.1+~4.1.4-1 [9,826 B]                    
Get:592 http://ftp.kaist.ac.kr/ubuntu noble/universe amd64 node-tar all 6.1.13+~cs7.0.5-3 [51.1 kB]                    
Get:593 http://ftp.kaist.ac.kr/ubuntu noble/universe amd64 node-gyp all 9.3.0-3 [36.1 kB]                              
Get:594 http://ftp.kaist.ac.kr/ubuntu noble/universe amd64 node-ini all 3.0.1-2 [6,480 B]                              
Get:595 http://ftp.kaist.ac.kr/ubuntu noble/universe amd64 node-negotiator all 0.6.3+~0.6.1-1 [10.1 kB]                
Get:596 http://ftp.kaist.ac.kr/ubuntu noble/universe amd64 node-tap all 16.3.7+ds1+~cs50.9.19-4 [105 kB]               
Get:597 http://ftp.kaist.ac.kr/ubuntu noble/universe amd64 npm all 9.2.0~ds1-2 [631 kB]                                
Get:598 http://ftp.kaist.ac.kr/ubuntu noble/universe amd64 pocketsphinx-en-us all 0.8.0+real5prealpha+1-15ubuntu5 [27.4 MB]
Get:599 http://ftp.kaist.ac.kr/ubuntu noble/universe amd64 r-base-html all 4.3.3-2build2 [58.1 kB]                     
Get:600 http://ftp.kaist.ac.kr/ubuntu noble-updates/main amd64 rustc amd64 1.75.0+dfsg0ubuntu1-0ubuntu7.4 [3,372 kB]   
Get:601 http://ftp.kaist.ac.kr/ubuntu noble-updates/main amd64 ssh-import-id all 5.11-0ubuntu2.24.04.1 [10.1 kB]       
Fetched 667 MB in 12s (54.5 MB/s)                                                                                      
Extracting templates from packages: 100%
Preconfiguring packages ...
Selecting previously unselected package dbconfig-common.
(Reading database ... 94549 files and directories currently installed.)
Preparing to unpack .../000-dbconfig-common_2.0.24_all.deb ...
Unpacking dbconfig-common (2.0.24) ...
Selecting previously unselected package dbconfig-sqlite3.
Preparing to unpack .../001-dbconfig-sqlite3_2.0.24_all.deb ...
Unpacking dbconfig-sqlite3 (2.0.24) ...
Selecting previously unselected package python3-cbor2.
Preparing to unpack .../002-python3-cbor2_5.6.2-1build1_amd64.deb ...
Unpacking python3-cbor2 (5.6.2-1build1) ...
Selecting previously unselected package python3-mimeparse.
Preparing to unpack .../003-python3-mimeparse_1.6.0-3build1_all.deb ...
Unpacking python3-mimeparse (1.6.0-3build1) ...
Selecting previously unselected package python3-msgpack.
Preparing to unpack .../004-python3-msgpack_1.0.3-3build2_amd64.deb ...
Unpacking python3-msgpack (1.0.3-3build2) ...
Selecting previously unselected package python3-rapidjson.
Preparing to unpack .../005-python3-rapidjson_1.4-2build5_amd64.deb ...
Unpacking python3-rapidjson (1.4-2build5) ...
Selecting previously unselected package python3-falcon.
Preparing to unpack .../006-python3-falcon_3.1.1-2build2_amd64.deb ...
Unpacking python3-falcon (3.1.1-2build2) ...
Selecting previously unselected package python3-psycopg2.
Preparing to unpack .../007-python3-psycopg2_2.9.9-1build1_amd64.deb ...
Unpacking python3-psycopg2 (2.9.9-1build1) ...
Selecting previously unselected package python3-public.
Preparing to unpack .../008-python3-public_4.0-2_all.deb ...
Unpacking python3-public (4.0-2) ...
Selecting previously unselected package fonts-font-awesome.
Preparing to unpack .../009-fonts-font-awesome_5.0.10+really4.7.0~dfsg-4.1_all.deb ...
Unpacking fonts-font-awesome (5.0.10+really4.7.0~dfsg-4.1) ...
Selecting previously unselected package sphinx-rtd-theme-common.
Preparing to unpack .../010-sphinx-rtd-theme-common_2.0.0+dfsg-1_all.deb ...
Unpacking sphinx-rtd-theme-common (2.0.0+dfsg-1) ...
Selecting previously unselected package python3-aiosmtpd.
Preparing to unpack .../011-python3-aiosmtpd_1.4.4.post2-1_all.deb ...
Unpacking python3-aiosmtpd (1.4.4.post2-1) ...
Selecting previously unselected package python3-mako.
Preparing to unpack .../012-python3-mako_1.3.2-1ubuntu0.1_all.deb ...
Unpacking python3-mako (1.3.2-1ubuntu0.1) ...
Selecting previously unselected package python3-greenlet.
Preparing to unpack .../013-python3-greenlet_3.0.3-0ubuntu5.1_amd64.deb ...
Unpacking python3-greenlet (3.0.3-0ubuntu5.1) ...
Selecting previously unselected package python3-sqlalchemy.
Preparing to unpack .../014-python3-sqlalchemy_1.4.50+ds1-1build1_all.deb ...
Unpacking python3-sqlalchemy (1.4.50+ds1-1build1) ...
Selecting previously unselected package python3-alembic.
Preparing to unpack .../015-python3-alembic_1.13.1-3_all.deb ...
Unpacking python3-alembic (1.13.1-3) ...
Selecting previously unselected package python3-authres.
Preparing to unpack .../016-python3-authres_1.2.0-3_all.deb ...
Unpacking python3-authres (1.2.0-3) ...
Selecting previously unselected package python3-dnspython.
Preparing to unpack .../017-python3-dnspython_2.6.1-1ubuntu1_all.deb ...
Unpacking python3-dnspython (2.6.1-1ubuntu1) ...
Selecting previously unselected package python3-nacl.
Preparing to unpack .../018-python3-nacl_1.5.0-4build1_amd64.deb ...
Unpacking python3-nacl (1.5.0-4build1) ...
Selecting previously unselected package python3-dkim.
Preparing to unpack .../019-python3-dkim_1.1.6-1_all.deb ...
Unpacking python3-dkim (1.1.6-1) ...
Selecting previously unselected package python3-publicsuffix2.
Preparing to unpack .../020-python3-publicsuffix2_2.20191221-3_all.deb ...
Unpacking python3-publicsuffix2 (2.20191221-3) ...
Selecting previously unselected package python3-authheaders.
Preparing to unpack .../021-python3-authheaders_0.16.2-1_all.deb ...
Unpacking python3-authheaders (0.16.2-1) ...
Selecting previously unselected package python3-dateutil.
Preparing to unpack .../022-python3-dateutil_2.8.2-3ubuntu1_all.deb ...
Unpacking python3-dateutil (2.8.2-3ubuntu1) ...
Selecting previously unselected package python3-flufl.bounce.
Preparing to unpack .../023-python3-flufl.bounce_4.0-4_all.deb ...
Unpacking python3-flufl.bounce (4.0-4) ...
Selecting previously unselected package python3-flufl.i18n.
Preparing to unpack .../024-python3-flufl.i18n_5.0.2-1_all.deb ...
Unpacking python3-flufl.i18n (5.0.2-1) ...
Selecting previously unselected package python3-flufl.lock.
Preparing to unpack .../025-python3-flufl.lock_5.0.1-5_all.deb ...
Unpacking python3-flufl.lock (5.0.1-5) ...
Selecting previously unselected package python3-gunicorn.
Preparing to unpack .../026-python3-gunicorn_20.1.0-6ubuntu0.1_all.deb ...
Unpacking python3-gunicorn (20.1.0-6ubuntu0.1) ...
Selecting previously unselected package python3-lazr.delegates.
Preparing to unpack .../027-python3-lazr.delegates_2.1.0-1_all.deb ...
Unpacking python3-lazr.delegates (2.1.0-1) ...
Selecting previously unselected package python3-lazr.config.
Preparing to unpack .../028-python3-lazr.config_3.0-1_all.deb ...
Unpacking python3-lazr.config (3.0-1) ...
Selecting previously unselected package python3-passlib.
Preparing to unpack .../029-python3-passlib_1.7.4-4_all.deb ...
Unpacking python3-passlib (1.7.4-4) ...
Selecting previously unselected package python3-zope.event.
Preparing to unpack .../030-python3-zope.event_5.0-0.1_all.deb ...
Unpacking python3-zope.event (5.0-0.1) ...
Selecting previously unselected package python3-zope.hookable.
Preparing to unpack .../031-python3-zope.hookable_6.0-1build1_amd64.deb ...
Unpacking python3-zope.hookable (6.0-1build1) ...
Selecting previously unselected package python3-zope.component.
Preparing to unpack .../032-python3-zope.component_6.0-0.2_all.deb ...
Unpacking python3-zope.component (6.0-0.2) ...
Selecting previously unselected package python3-zope.i18nmessageid.
Preparing to unpack .../033-python3-zope.i18nmessageid_6.1.0-2build1_amd64.deb ...
Unpacking python3-zope.i18nmessageid (6.1.0-2build1) ...
Selecting previously unselected package python3-zope.schema.
Preparing to unpack .../034-python3-zope.schema_7.0.1-1_all.deb ...
Unpacking python3-zope.schema (7.0.1-1) ...
Selecting previously unselected package python3-zope.configuration.
Preparing to unpack .../035-python3-zope.configuration_5.0-1_all.deb ...
Unpacking python3-zope.configuration (5.0-1) ...
Selecting previously unselected package mailman3.
Preparing to unpack .../036-mailman3_3.3.8-3.1ubuntu0.1_all.deb ...
Unpacking mailman3 (3.3.8-3.1ubuntu0.1) ...
Selecting previously unselected package openssh-sftp-server.
Preparing to unpack .../037-openssh-sftp-server_1%3a9.6p1-3ubuntu13.16_amd64.deb ...
Unpacking openssh-sftp-server (1:9.6p1-3ubuntu13.16) ...
Selecting previously unselected package openssh-server.
Preparing to unpack .../038-openssh-server_1%3a9.6p1-3ubuntu13.16_amd64.deb ...
Unpacking openssh-server (1:9.6p1-3ubuntu13.16) ...
Selecting previously unselected package ssl-cert.
Preparing to unpack .../039-ssl-cert_1.1.2ubuntu1_all.deb ...
Unpacking ssl-cert (1.1.2ubuntu1) ...
Selecting previously unselected package libnsl2:amd64.
Preparing to unpack .../040-libnsl2_1.3.0-3build3_amd64.deb ...
Unpacking libnsl2:amd64 (1.3.0-3build3) ...
Selecting previously unselected package postfix.
Preparing to unpack .../041-postfix_3.8.6-1ubuntu0.1_amd64.deb ...
Unpacking postfix (3.8.6-1ubuntu0.1) ...
Selecting previously unselected package asciinema.
Preparing to unpack .../042-asciinema_2.4.0-1_all.deb ...
Unpacking asciinema (2.4.0-1) ...
Preparing to unpack .../043-libgprofng0_2.42-4ubuntu2.10_amd64.deb ...
Unpacking libgprofng0:amd64 (2.42-4ubuntu2.10) over (2.42-4ubuntu2.8) ...
Preparing to unpack .../044-libctf0_2.42-4ubuntu2.10_amd64.deb ...
Unpacking libctf0:amd64 (2.42-4ubuntu2.10) over (2.42-4ubuntu2.8) ...
Preparing to unpack .../045-libctf-nobfd0_2.42-4ubuntu2.10_amd64.deb ...
Unpacking libctf-nobfd0:amd64 (2.42-4ubuntu2.10) over (2.42-4ubuntu2.8) ...
Preparing to unpack .../046-binutils-x86-64-linux-gnu_2.42-4ubuntu2.10_amd64.deb ...
Unpacking binutils-x86-64-linux-gnu (2.42-4ubuntu2.10) over (2.42-4ubuntu2.8) ...
Preparing to unpack .../047-libbinutils_2.42-4ubuntu2.10_amd64.deb ...
Unpacking libbinutils:amd64 (2.42-4ubuntu2.10) over (2.42-4ubuntu2.8) ...
Preparing to unpack .../048-binutils_2.42-4ubuntu2.10_amd64.deb ...
Unpacking binutils (2.42-4ubuntu2.10) over (2.42-4ubuntu2.8) ...
Preparing to unpack .../049-binutils-common_2.42-4ubuntu2.10_amd64.deb ...
Unpacking binutils-common:amd64 (2.42-4ubuntu2.10) over (2.42-4ubuntu2.8) ...
Preparing to unpack .../050-libsframe1_2.42-4ubuntu2.10_amd64.deb ...
Unpacking libsframe1:amd64 (2.42-4ubuntu2.10) over (2.42-4ubuntu2.8) ...
Selecting previously unselected package libcoq-stdlib.
Preparing to unpack .../051-libcoq-stdlib_8.18.0+dfsg-1build2_amd64.deb ...
Unpacking libcoq-stdlib (8.18.0+dfsg-1build2) ...
Selecting previously unselected package libstdlib-ocaml.
Preparing to unpack .../052-libstdlib-ocaml_4.14.1-1ubuntu1_amd64.deb ...
Unpacking libstdlib-ocaml (4.14.1-1ubuntu1) ...
Selecting previously unselected package ocaml-base.
Preparing to unpack .../053-ocaml-base_4.14.1-1ubuntu1_amd64.deb ...
Unpacking ocaml-base (4.14.1-1ubuntu1) ...
Selecting previously unselected package libfindlib-ocaml.
Preparing to unpack .../054-libfindlib-ocaml_1.9.6-1build4_amd64.deb ...
Unpacking libfindlib-ocaml (1.9.6-1build4) ...
Selecting previously unselected package libzarith-ocaml.
Preparing to unpack .../055-libzarith-ocaml_1.13-2build4_amd64.deb ...
Unpacking libzarith-ocaml (1.13-2build4) ...
Selecting previously unselected package libcoq-core-ocaml.
Preparing to unpack .../056-libcoq-core-ocaml_8.18.0+dfsg-1build2_amd64.deb ...
Unpacking libcoq-core-ocaml (8.18.0+dfsg-1build2) ...
Selecting previously unselected package libstdlib-ocaml-dev.
Preparing to unpack .../057-libstdlib-ocaml-dev_4.14.1-1ubuntu1_amd64.deb ...
Unpacking libstdlib-ocaml-dev (4.14.1-1ubuntu1) ...
Selecting previously unselected package libcompiler-libs-ocaml-dev.
Preparing to unpack .../058-libcompiler-libs-ocaml-dev_4.14.1-1ubuntu1_amd64.deb ...
Unpacking libcompiler-libs-ocaml-dev (4.14.1-1ubuntu1) ...
Selecting previously unselected package ocaml-interp.
Preparing to unpack .../059-ocaml-interp_4.14.1-1ubuntu1_amd64.deb ...
Unpacking ocaml-interp (4.14.1-1ubuntu1) ...
Selecting previously unselected package ocaml.
Preparing to unpack .../060-ocaml_4.14.1-1ubuntu1_amd64.deb ...
Unpacking ocaml (4.14.1-1ubuntu1) ...
Selecting previously unselected package ocaml-findlib.
Preparing to unpack .../061-ocaml-findlib_1.9.6-1build4_amd64.deb ...
Unpacking ocaml-findlib (1.9.6-1build4) ...
Selecting previously unselected package coq.
Preparing to unpack .../062-coq_8.18.0+dfsg-1build2_amd64.deb ...
Unpacking coq (8.18.0+dfsg-1build2) ...
Selecting previously unselected package libkpathsea6:amd64.
Preparing to unpack .../063-libkpathsea6_2023.20230311.66589-9build3_amd64.deb ...
Unpacking libkpathsea6:amd64 (2023.20230311.66589-9build3) ...
Selecting previously unselected package libpotrace0:amd64.
Preparing to unpack .../064-libpotrace0_1.16-2build1_amd64.deb ...
Unpacking libpotrace0:amd64 (1.16-2build1) ...
Selecting previously unselected package libwoff1:amd64.
Preparing to unpack .../065-libwoff1_1.0.2-2build1_amd64.deb ...
Unpacking libwoff1:amd64 (1.0.2-2build1) ...
Selecting previously unselected package dvisvgm.
Preparing to unpack .../066-dvisvgm_3.2.1+ds-1build1_amd64.deb ...
Unpacking dvisvgm (3.2.1+ds-1build1) ...
Selecting previously unselected package node-fast-deep-equal.
Preparing to unpack .../067-node-fast-deep-equal_3.1.3-3_all.deb ...
Unpacking node-fast-deep-equal (3.1.3-3) ...
Selecting previously unselected package node-json-schema-traverse.
Preparing to unpack .../068-node-json-schema-traverse_1.0.0-3_all.deb ...
Unpacking node-json-schema-traverse (1.0.0-3) ...
Selecting previously unselected package node-jsonify.
Preparing to unpack .../069-node-jsonify_0.0.1-1_all.deb ...
Unpacking node-jsonify (0.0.1-1) ...
Selecting previously unselected package node-json-stable-stringify.
Preparing to unpack .../070-node-json-stable-stringify_1.0.2+repack1+~cs1.0.34-2_all.deb ...
Unpacking node-json-stable-stringify (1.0.2+repack1+~cs1.0.34-2) ...
Selecting previously unselected package node-punycode.
Preparing to unpack .../071-node-punycode_2.2.3-2_all.deb ...
Unpacking node-punycode (2.2.3-2) ...
Selecting previously unselected package node-uri-js.
Preparing to unpack .../072-node-uri-js_4.4.0+dfsg-8_all.deb ...
Unpacking node-uri-js (4.4.0+dfsg-8) ...
Selecting previously unselected package node-ajv.
Preparing to unpack .../073-node-ajv_8.12.0~ds+~2.1.1-4_all.deb ...
Unpacking node-ajv (8.12.0~ds+~2.1.1-4) ...
Selecting previously unselected package libjs-inherits.
Preparing to unpack .../074-libjs-inherits_2.0.4-6_all.deb ...
Unpacking libjs-inherits (2.0.4-6) ...
Selecting previously unselected package node-inherits.
Preparing to unpack .../075-node-inherits_2.0.4-6_all.deb ...
Unpacking node-inherits (2.0.4-6) ...
Selecting previously unselected package node-core-util-is.
Preparing to unpack .../076-node-core-util-is_1.0.3-1_all.deb ...
Unpacking node-core-util-is (1.0.3-1) ...
Selecting previously unselected package node-safe-buffer.
Preparing to unpack .../077-node-safe-buffer_5.2.1+~cs2.1.2-3_all.deb ...
Unpacking node-safe-buffer (5.2.1+~cs2.1.2-3) ...
Selecting previously unselected package node-string-decoder.
Preparing to unpack .../078-node-string-decoder_1.3.0-6_all.deb ...
Unpacking node-string-decoder (1.3.0-6) ...
Selecting previously unselected package node-process-nextick-args.
Preparing to unpack .../079-node-process-nextick-args_2.0.1-3_all.deb ...
Unpacking node-process-nextick-args (2.0.1-3) ...
Selecting previously unselected package node-util-deprecate.
Preparing to unpack .../080-node-util-deprecate_1.0.2-3_all.deb ...
Unpacking node-util-deprecate (1.0.2-3) ...
Selecting previously unselected package node-isarray.
Preparing to unpack .../081-node-isarray_2.0.5-4_all.deb ...
Unpacking node-isarray (2.0.5-4) ...
Selecting previously unselected package node-readable-stream.
Preparing to unpack .../082-node-readable-stream_3.6.0+~cs3.0.0-4build1_all.deb ...
Unpacking node-readable-stream (3.6.0+~cs3.0.0-4build1) ...
Selecting previously unselected package node-typedarray.
Preparing to unpack .../083-node-typedarray_0.0.7-1_all.deb ...
Unpacking node-typedarray (0.0.7-1) ...
Selecting previously unselected package node-concat-stream.
Preparing to unpack .../084-node-concat-stream_2.0.0+~2.0.0-2_all.deb ...
Unpacking node-concat-stream (2.0.0+~2.0.0-2) ...
Selecting previously unselected package node-esutils.
Preparing to unpack .../085-node-esutils_2.0.3+~2.0.0-1_all.deb ...
Unpacking node-esutils (2.0.3+~2.0.0-1) ...
Selecting previously unselected package node-doctrine.
Preparing to unpack .../086-node-doctrine_3.0.0-4_all.deb ...
Unpacking node-doctrine (3.0.0-4) ...
Selecting previously unselected package node-eslint-visitor-keys.
Preparing to unpack .../087-node-eslint-visitor-keys_3.3.0+~1.0.0-1_all.deb ...
Unpacking node-eslint-visitor-keys (3.3.0+~1.0.0-1) ...
Selecting previously unselected package node-estraverse.
Preparing to unpack .../088-node-estraverse_5.3.0+ds+~5.1.1-1_all.deb ...
Unpacking node-estraverse (5.3.0+ds+~5.1.1-1) ...
Selecting previously unselected package node-object-assign.
Preparing to unpack .../089-node-object-assign_4.1.1-7_all.deb ...
Unpacking node-object-assign (4.1.1-7) ...
Selecting previously unselected package node-esrecurse.
Preparing to unpack .../090-node-esrecurse_4.3.0-2_all.deb ...
Unpacking node-esrecurse (4.3.0-2) ...
Selecting previously unselected package node-eslint-scope.
Preparing to unpack .../091-node-eslint-scope_7.1.1+~3.7.4-1_all.deb ...
Unpacking node-eslint-scope (7.1.1+~3.7.4-1) ...
Selecting previously unselected package node-espree.
Preparing to unpack .../092-node-espree_9.4.1~dfsg-2_all.deb ...
Unpacking node-espree (9.4.1~dfsg-2) ...
Selecting previously unselected package node-esquery.
Preparing to unpack .../093-node-esquery_1.4.2~ds-1_all.deb ...
Unpacking node-esquery (1.4.2~ds-1) ...
Selecting previously unselected package node-eslint-utils.
Preparing to unpack .../094-node-eslint-utils_3.0.0-3_all.deb ...
Unpacking node-eslint-utils (3.0.0-3) ...
Selecting previously unselected package node-flatted.
Preparing to unpack .../095-node-flatted_3.2.7~ds-1_all.deb ...
Unpacking node-flatted (3.2.7~ds-1) ...
Selecting previously unselected package node-fs.realpath.
Preparing to unpack .../096-node-fs.realpath_1.0.0-3_all.deb ...
Unpacking node-fs.realpath (1.0.0-3) ...
Selecting previously unselected package node-wrappy.
Preparing to unpack .../097-node-wrappy_1.0.2-3_all.deb ...
Unpacking node-wrappy (1.0.2-3) ...
Selecting previously unselected package node-once.
Preparing to unpack .../098-node-once_1.4.1-1_all.deb ...
Unpacking node-once (1.4.1-1) ...
Selecting previously unselected package node-inflight.
Preparing to unpack .../099-node-inflight_1.0.6-2_all.deb ...
Unpacking node-inflight (1.0.6-2) ...
Selecting previously unselected package node-balanced-match.
Preparing to unpack .../100-node-balanced-match_2.0.0-1_all.deb ...
Unpacking node-balanced-match (2.0.0-1) ...
Selecting previously unselected package node-brace-expansion.
Preparing to unpack .../101-node-brace-expansion_2.0.1+~1.1.0-1_all.deb ...
Unpacking node-brace-expansion (2.0.1+~1.1.0-1) ...
Selecting previously unselected package node-minimatch.
Preparing to unpack .../102-node-minimatch_9.0.3-4build5_all.deb ...
Unpacking node-minimatch (9.0.3-4build5) ...
Selecting previously unselected package node-glob.
Preparing to unpack .../103-node-glob_8.1.0+~cs8.5.15-1_all.deb ...
Unpacking node-glob (8.1.0+~cs8.5.15-1) ...
Selecting previously unselected package node-rimraf.
Preparing to unpack .../104-node-rimraf_3.0.2-2_all.deb ...
Unpacking node-rimraf (3.0.2-2) ...
Selecting previously unselected package node-write.
Preparing to unpack .../105-node-write_2.0.0~6.0.1+~3.0.4+~2.0.0+~1.0.0+~2.0.1-1_all.deb ...
Unpacking node-write (2.0.0~6.0.1+~3.0.4+~2.0.0+~1.0.0+~2.0.1-1) ...
Selecting previously unselected package node-flat-cache.
Preparing to unpack .../106-node-flat-cache_3.0.4~6.0.1+~3.0.4+~2.0.0+~1.0.0+~2.0.1-1_all.deb ...
Unpacking node-flat-cache (3.0.4~6.0.1+~3.0.4+~2.0.0+~1.0.0+~2.0.1-1) ...
Selecting previously unselected package node-file-entry-cache.
Preparing to unpack .../107-node-file-entry-cache_6.0.1+~3.0.4+~2.0.0+~1.0.0+~2.0.1-1_all.deb ...
Unpacking node-file-entry-cache (6.0.1+~3.0.4+~2.0.0+~1.0.0+~2.0.1-1) ...
Selecting previously unselected package node-functional-red-black-tree.
Preparing to unpack .../108-node-functional-red-black-tree_1.0.1+20181105-7_all.deb ...
Unpacking node-functional-red-black-tree (1.0.1+20181105-7) ...
Selecting previously unselected package node-is-extglob.
Preparing to unpack .../109-node-is-extglob_2.1.1-5_all.deb ...
Unpacking node-is-extglob (2.1.1-5) ...
Selecting previously unselected package node-is-glob.
Preparing to unpack .../110-node-is-glob_4.0.3-2_all.deb ...
Unpacking node-is-glob (4.0.3-2) ...
Selecting previously unselected package node-path-dirname.
Preparing to unpack .../111-node-path-dirname_1.0.2-2_all.deb ...
Unpacking node-path-dirname (1.0.2-2) ...
Selecting previously unselected package node-glob-parent.
Preparing to unpack .../112-node-glob-parent_6.0.2+~5.1.1-2_all.deb ...
Unpacking node-glob-parent (6.0.2+~5.1.1-2) ...
Selecting previously unselected package node-globals.
Preparing to unpack .../113-node-globals_13.23.0-1_all.deb ...
Unpacking node-globals (13.23.0-1) ...
Selecting previously unselected package node-resolve-from.
Preparing to unpack .../114-node-resolve-from_5.0.0+~3.1.0+~3.3.0+~2.0.0-1_all.deb ...
Unpacking node-resolve-from (5.0.0+~3.1.0+~3.3.0+~2.0.0-1) ...
Selecting previously unselected package node-imurmurhash.
Preparing to unpack .../115-node-imurmurhash_0.1.4+dfsg+~0.1.1-2_all.deb ...
Unpacking node-imurmurhash (0.1.4+dfsg+~0.1.1-2) ...
Selecting previously unselected package node-ignore.
Preparing to unpack .../116-node-ignore_5.2.1-1_all.deb ...
Unpacking node-ignore (5.2.1-1) ...
Selecting previously unselected package node-prelude-ls.
Preparing to unpack .../117-node-prelude-ls_1.2.1+dfsg-3_all.deb ...
Unpacking node-prelude-ls (1.2.1+dfsg-3) ...
Selecting previously unselected package node-type-check.
Preparing to unpack .../118-node-type-check_0.4.0+dfsg-3_all.deb ...
Unpacking node-type-check (0.4.0+dfsg-3) ...
Selecting previously unselected package node-levn.
Preparing to unpack .../119-node-levn_0.4.1+dfsg-2_all.deb ...
Unpacking node-levn (0.4.1+dfsg-2) ...
Selecting previously unselected package node-lodash.
Preparing to unpack .../120-node-lodash_4.17.21+dfsg+~cs8.31.198.20210220-9_all.deb ...
Unpacking node-lodash (4.17.21+dfsg+~cs8.31.198.20210220-9) ...
Selecting previously unselected package node-memfs.
Preparing to unpack .../121-node-memfs_3.4.12+~cs1.0.3-1_all.deb ...
Unpacking node-memfs (3.4.12+~cs1.0.3-1) ...
Selecting previously unselected package node-mkdirp.
Preparing to unpack .../122-node-mkdirp_1.0.4+~1.0.2-4_all.deb ...
Unpacking node-mkdirp (1.0.4+~1.0.2-4) ...
Selecting previously unselected package node-deep-is.
Preparing to unpack .../123-node-deep-is_0.1.4-1_all.deb ...
Unpacking node-deep-is (0.1.4-1) ...
Selecting previously unselected package node-fast-levenshtein.
Preparing to unpack .../124-node-fast-levenshtein_2.0.6+ds-3_all.deb ...
Unpacking node-fast-levenshtein (2.0.6+ds-3) ...
Selecting previously unselected package node-optionator.
Preparing to unpack .../125-node-optionator_0.9.1+dfsg+~cs1.2.3-1_all.deb ...
Unpacking node-optionator (0.9.1+dfsg+~cs1.2.3-1) ...
Selecting previously unselected package node-progress.
Preparing to unpack .../126-node-progress_2.0.3-2_all.deb ...
Unpacking node-progress (2.0.3-2) ...
Selecting previously unselected package libjs-regenerate.
Preparing to unpack .../127-libjs-regenerate_1.4.2-3_all.deb ...
Unpacking libjs-regenerate (1.4.2-3) ...
Selecting previously unselected package node-regenerate.
Preparing to unpack .../128-node-regenerate_1.4.2-3_all.deb ...
Unpacking node-regenerate (1.4.2-3) ...
Selecting previously unselected package node-regenerate-unicode-properties.
Preparing to unpack .../129-node-regenerate-unicode-properties_10.1.0+ds-1_all.deb ...
Unpacking node-regenerate-unicode-properties (10.1.0+ds-1) ...
Selecting previously unselected package node-regexpp.
Preparing to unpack .../130-node-regexpp_3.2.0-5_all.deb ...
Unpacking node-regexpp (3.2.0-5) ...
Selecting previously unselected package node-yallist.
Preparing to unpack .../131-node-yallist_4.0.0+~4.0.1-1_all.deb ...
Unpacking node-yallist (4.0.0+~4.0.1-1) ...
Selecting previously unselected package node-lru-cache.
Preparing to unpack .../132-node-lru-cache_7.14.1-1_all.deb ...
Unpacking node-lru-cache (7.14.1-1) ...
Selecting previously unselected package node-semver.
Preparing to unpack .../133-node-semver_7.5.4+~7.5.0-2_all.deb ...
Unpacking node-semver (7.5.4+~7.5.0-2) ...
Selecting previously unselected package node-strip-json-comments.
Preparing to unpack .../134-node-strip-json-comments_4.0.0-4_all.deb ...
Unpacking node-strip-json-comments (4.0.0-4) ...
Selecting previously unselected package node-json-schema.
Preparing to unpack .../135-node-json-schema_0.4.0+~7.0.11-1_all.deb ...
Unpacking node-json-schema (0.4.0+~7.0.11-1) ...
Selecting previously unselected package node-v8-compile-cache.
Preparing to unpack .../136-node-v8-compile-cache_2.4.0-2_all.deb ...
Unpacking node-v8-compile-cache (2.4.0-2) ...
Selecting previously unselected package eslint.
Preparing to unpack .../137-eslint_6.4.0~dfsg+~6.1.9-11build3_all.deb ...
Unpacking eslint (6.4.0~dfsg+~6.1.9-11build3) ...
Selecting previously unselected package tcl-expect:amd64.
Preparing to unpack .../138-tcl-expect_5.45.4-3_amd64.deb ...
Unpacking tcl-expect:amd64 (5.45.4-3) ...
Selecting previously unselected package expect.
Preparing to unpack .../139-expect_5.45.4-3_amd64.deb ...
Unpacking expect (5.45.4-3) ...
Selecting previously unselected package extundelete.
Preparing to unpack .../140-extundelete_0.2.4-3build2_amd64.deb ...
Unpacking extundelete (0.2.4-3build2) ...
Selecting previously unselected package libva2:amd64.
Preparing to unpack .../141-libva2_2.20.0-2ubuntu0.2_amd64.deb ...
Unpacking libva2:amd64 (2.20.0-2ubuntu0.2) ...
Selecting previously unselected package libva-drm2:amd64.
Preparing to unpack .../142-libva-drm2_2.20.0-2ubuntu0.2_amd64.deb ...
Unpacking libva-drm2:amd64 (2.20.0-2ubuntu0.2) ...
Selecting previously unselected package libva-x11-2:amd64.
Preparing to unpack .../143-libva-x11-2_2.20.0-2ubuntu0.2_amd64.deb ...
Unpacking libva-x11-2:amd64 (2.20.0-2ubuntu0.2) ...
Selecting previously unselected package libvdpau1:amd64.
Preparing to unpack .../144-libvdpau1_1.5-2build1_amd64.deb ...
Unpacking libvdpau1:amd64 (1.5-2build1) ...
Selecting previously unselected package libvpl2.
Preparing to unpack .../145-libvpl2_2023.3.0-1build1_amd64.deb ...
Unpacking libvpl2 (2023.3.0-1build1) ...
Selecting previously unselected package ocl-icd-libopencl1:amd64.
Preparing to unpack .../146-ocl-icd-libopencl1_2.3.2-1build1_amd64.deb ...
Unpacking ocl-icd-libopencl1:amd64 (2.3.2-1build1) ...
Selecting previously unselected package libavutil58:amd64.
Preparing to unpack .../147-libavutil58_7%3a6.1.1-3ubuntu5_amd64.deb ...
Unpacking libavutil58:amd64 (7:6.1.1-3ubuntu5) ...
Selecting previously unselected package libcodec2-1.2:amd64.
Preparing to unpack .../148-libcodec2-1.2_1.2.0-2build1_amd64.deb ...
Unpacking libcodec2-1.2:amd64 (1.2.0-2build1) ...
Selecting previously unselected package libdav1d7:amd64.
Preparing to unpack .../149-libdav1d7_1.4.1-1build1_amd64.deb ...
Unpacking libdav1d7:amd64 (1.4.1-1build1) ...
Selecting previously unselected package libgsm1:amd64.
Preparing to unpack .../150-libgsm1_1.0.22-1build1_amd64.deb ...
Unpacking libgsm1:amd64 (1.0.22-1build1) ...
Selecting previously unselected package libhwy1t64:amd64.
Preparing to unpack .../151-libhwy1t64_1.0.7-8.1build1_amd64.deb ...
Unpacking libhwy1t64:amd64 (1.0.7-8.1build1) ...
Selecting previously unselected package libjxl0.7:amd64.
Preparing to unpack .../152-libjxl0.7_0.7.0-10.2ubuntu6.1_amd64.deb ...
Unpacking libjxl0.7:amd64 (0.7.0-10.2ubuntu6.1) ...
Selecting previously unselected package librav1e0:amd64.
Preparing to unpack .../153-librav1e0_0.7.1-2_amd64.deb ...
Unpacking librav1e0:amd64 (0.7.1-2) ...
Selecting previously unselected package libshine3:amd64.
Preparing to unpack .../154-libshine3_3.1.1-2build1_amd64.deb ...
Unpacking libshine3:amd64 (3.1.1-2build1) ...
Selecting previously unselected package libsnappy1v5:amd64.
Preparing to unpack .../155-libsnappy1v5_1.1.10-1build1_amd64.deb ...
Unpacking libsnappy1v5:amd64 (1.1.10-1build1) ...
Selecting previously unselected package libsvtav1enc1d1:amd64.
Preparing to unpack .../156-libsvtav1enc1d1_1.7.0+dfsg-2build1_amd64.deb ...
Unpacking libsvtav1enc1d1:amd64 (1.7.0+dfsg-2build1) ...
Selecting previously unselected package libsoxr0:amd64.
Preparing to unpack .../157-libsoxr0_0.1.3-4build3_amd64.deb ...
Unpacking libsoxr0:amd64 (0.1.3-4build3) ...
Selecting previously unselected package libswresample4:amd64.
Preparing to unpack .../158-libswresample4_7%3a6.1.1-3ubuntu5_amd64.deb ...
Unpacking libswresample4:amd64 (7:6.1.1-3ubuntu5) ...
Selecting previously unselected package libx264-164:amd64.
Preparing to unpack .../159-libx264-164_2%3a0.164.3108+git31e19f9-1_amd64.deb ...
Unpacking libx264-164:amd64 (2:0.164.3108+git31e19f9-1) ...
Selecting previously unselected package libx265-199:amd64.
Preparing to unpack .../160-libx265-199_3.5-2build1_amd64.deb ...
Unpacking libx265-199:amd64 (3.5-2build1) ...
Selecting previously unselected package libxvidcore4:amd64.
Preparing to unpack .../161-libxvidcore4_2%3a1.3.7-1build1_amd64.deb ...
Unpacking libxvidcore4:amd64 (2:1.3.7-1build1) ...
Selecting previously unselected package libzvbi-common.
Preparing to unpack .../162-libzvbi-common_0.2.42-2_all.deb ...
Unpacking libzvbi-common (0.2.42-2) ...
Selecting previously unselected package libzvbi0t64:amd64.
Preparing to unpack .../163-libzvbi0t64_0.2.42-2_amd64.deb ...
Unpacking libzvbi0t64:amd64 (0.2.42-2) ...
Selecting previously unselected package libavcodec60:amd64.
Preparing to unpack .../164-libavcodec60_7%3a6.1.1-3ubuntu5_amd64.deb ...
Unpacking libavcodec60:amd64 (7:6.1.1-3ubuntu5) ...
Selecting previously unselected package libunibreak5:amd64.
Preparing to unpack .../165-libunibreak5_5.1-2build1_amd64.deb ...
Unpacking libunibreak5:amd64 (5.1-2build1) ...
Selecting previously unselected package libass9:amd64.
Preparing to unpack .../166-libass9_1%3a0.17.1-2build1_amd64.deb ...
Unpacking libass9:amd64 (1:0.17.1-2build1) ...
Selecting previously unselected package libudfread0:amd64.
Preparing to unpack .../167-libudfread0_1.1.2-1build1_amd64.deb ...
Unpacking libudfread0:amd64 (1.1.2-1build1) ...
Selecting previously unselected package libbluray2:amd64.
Preparing to unpack .../168-libbluray2_1%3a1.3.4-1build1_amd64.deb ...
Unpacking libbluray2:amd64 (1:1.3.4-1build1) ...
Selecting previously unselected package libchromaprint1:amd64.
Preparing to unpack .../169-libchromaprint1_1.5.1-5_amd64.deb ...
Unpacking libchromaprint1:amd64 (1.5.1-5) ...
Selecting previously unselected package libgme0:amd64.
Preparing to unpack .../170-libgme0_0.6.3-7build1_amd64.deb ...
Unpacking libgme0:amd64 (0.6.3-7build1) ...
Selecting previously unselected package libopenmpt0t64:amd64.
Preparing to unpack .../171-libopenmpt0t64_0.7.3-1.1build3_amd64.deb ...
Unpacking libopenmpt0t64:amd64 (0.7.3-1.1build3) ...
Selecting previously unselected package librabbitmq4:amd64.
Preparing to unpack .../172-librabbitmq4_0.11.0-1ubuntu0.1_amd64.deb ...
Unpacking librabbitmq4:amd64 (0.11.0-1ubuntu0.1) ...
Selecting previously unselected package libcjson1:amd64.
Preparing to unpack .../173-libcjson1_1.7.17-1_amd64.deb ...
Unpacking libcjson1:amd64 (1.7.17-1) ...
Selecting previously unselected package libmbedcrypto7t64:amd64.
Preparing to unpack .../174-libmbedcrypto7t64_2.28.8-1_amd64.deb ...
Unpacking libmbedcrypto7t64:amd64 (2.28.8-1) ...
Selecting previously unselected package librist4:amd64.
Preparing to unpack .../175-librist4_0.2.10+dfsg-2_amd64.deb ...
Unpacking librist4:amd64 (0.2.10+dfsg-2) ...
Selecting previously unselected package libsrt1.5-gnutls:amd64.
Preparing to unpack .../176-libsrt1.5-gnutls_1.5.3-1build2_amd64.deb ...
Unpacking libsrt1.5-gnutls:amd64 (1.5.3-1build2) ...
Selecting previously unselected package libssh-gcrypt-4:amd64.
Preparing to unpack .../177-libssh-gcrypt-4_0.10.6-2ubuntu0.4_amd64.deb ...
Unpacking libssh-gcrypt-4:amd64 (0.10.6-2ubuntu0.4) ...
Selecting previously unselected package libnorm1t64:amd64.
Preparing to unpack .../178-libnorm1t64_1.5.9+dfsg-3.1build1_amd64.deb ...
Unpacking libnorm1t64:amd64 (1.5.9+dfsg-3.1build1) ...
Selecting previously unselected package libpgm-5.3-0t64:amd64.
Preparing to unpack .../179-libpgm-5.3-0t64_5.3.128~dfsg-2.1build1_amd64.deb ...
Unpacking libpgm-5.3-0t64:amd64 (5.3.128~dfsg-2.1build1) ...
Selecting previously unselected package libzmq5:amd64.
Preparing to unpack .../180-libzmq5_4.3.5-1build2_amd64.deb ...
Unpacking libzmq5:amd64 (4.3.5-1build2) ...
Selecting previously unselected package libavformat60:amd64.
Preparing to unpack .../181-libavformat60_7%3a6.1.1-3ubuntu5_amd64.deb ...
Unpacking libavformat60:amd64 (7:6.1.1-3ubuntu5) ...
Selecting previously unselected package libbs2b0:amd64.
Preparing to unpack .../182-libbs2b0_3.1.0+dfsg-7build1_amd64.deb ...
Unpacking libbs2b0:amd64 (3.1.0+dfsg-7build1) ...
Selecting previously unselected package libflite1:amd64.
Preparing to unpack .../183-libflite1_2.2-6build3_amd64.deb ...
Unpacking libflite1:amd64 (2.2-6build3) ...
Selecting previously unselected package libserd-0-0:amd64.
Preparing to unpack .../184-libserd-0-0_0.32.2-1_amd64.deb ...
Unpacking libserd-0-0:amd64 (0.32.2-1) ...
Selecting previously unselected package libzix-0-0:amd64.
Preparing to unpack .../185-libzix-0-0_0.4.2-2build1_amd64.deb ...
Unpacking libzix-0-0:amd64 (0.4.2-2build1) ...
Selecting previously unselected package libsord-0-0:amd64.
Preparing to unpack .../186-libsord-0-0_0.16.16-2build1_amd64.deb ...
Unpacking libsord-0-0:amd64 (0.16.16-2build1) ...
Selecting previously unselected package libsratom-0-0:amd64.
Preparing to unpack .../187-libsratom-0-0_0.6.16-1build1_amd64.deb ...
Unpacking libsratom-0-0:amd64 (0.6.16-1build1) ...
Selecting previously unselected package liblilv-0-0:amd64.
Preparing to unpack .../188-liblilv-0-0_0.24.22-1build1_amd64.deb ...
Unpacking liblilv-0-0:amd64 (0.24.22-1build1) ...
Selecting previously unselected package libmysofa1:amd64.
Preparing to unpack .../189-libmysofa1_1.3.2+dfsg-2ubuntu2_amd64.deb ...
Unpacking libmysofa1:amd64 (1.3.2+dfsg-2ubuntu2) ...
Selecting previously unselected package libplacebo338:amd64.
Preparing to unpack .../190-libplacebo338_6.338.2-2build1_amd64.deb ...
Unpacking libplacebo338:amd64 (6.338.2-2build1) ...
Selecting previously unselected package libsphinxbase3t64:amd64.
Preparing to unpack .../191-libsphinxbase3t64_0.8+5prealpha+1-17build2_amd64.deb ...
Unpacking libsphinxbase3t64:amd64 (0.8+5prealpha+1-17build2) ...
Selecting previously unselected package libpocketsphinx3:amd64.
Preparing to unpack .../192-libpocketsphinx3_0.8.0+real5prealpha+1-15ubuntu5_amd64.deb ...
Unpacking libpocketsphinx3:amd64 (0.8.0+real5prealpha+1-15ubuntu5) ...
Selecting previously unselected package libpostproc57:amd64.
Preparing to unpack .../193-libpostproc57_7%3a6.1.1-3ubuntu5_amd64.deb ...
Unpacking libpostproc57:amd64 (7:6.1.1-3ubuntu5) ...
Selecting previously unselected package librubberband2:amd64.
Preparing to unpack .../194-librubberband2_3.3.0+dfsg-2build1_amd64.deb ...
Unpacking librubberband2:amd64 (3.3.0+dfsg-2build1) ...
Selecting previously unselected package libswscale7:amd64.
Preparing to unpack .../195-libswscale7_7%3a6.1.1-3ubuntu5_amd64.deb ...
Unpacking libswscale7:amd64 (7:6.1.1-3ubuntu5) ...
Selecting previously unselected package libvidstab1.1:amd64.
Preparing to unpack .../196-libvidstab1.1_1.1.0-2build1_amd64.deb ...
Unpacking libvidstab1.1:amd64 (1.1.0-2build1) ...
Selecting previously unselected package libzimg2:amd64.
Preparing to unpack .../197-libzimg2_3.0.5+ds1-1build1_amd64.deb ...
Unpacking libzimg2:amd64 (3.0.5+ds1-1build1) ...
Selecting previously unselected package libavfilter9:amd64.
Preparing to unpack .../198-libavfilter9_7%3a6.1.1-3ubuntu5_amd64.deb ...
Unpacking libavfilter9:amd64 (7:6.1.1-3ubuntu5) ...
Selecting previously unselected package libcdio19t64:amd64.
Preparing to unpack .../199-libcdio19t64_2.1.0-4.1ubuntu1.2_amd64.deb ...
Unpacking libcdio19t64:amd64 (2.1.0-4.1ubuntu1.2) ...
Selecting previously unselected package libcdio-cdda2t64:amd64.
Preparing to unpack .../200-libcdio-cdda2t64_10.2+2.0.1-1.1build2_amd64.deb ...
Unpacking libcdio-cdda2t64:amd64 (10.2+2.0.1-1.1build2) ...
Selecting previously unselected package libcdio-paranoia2t64:amd64.
Preparing to unpack .../201-libcdio-paranoia2t64_10.2+2.0.1-1.1build2_amd64.deb ...
Unpacking libcdio-paranoia2t64:amd64 (10.2+2.0.1-1.1build2) ...
Selecting previously unselected package libdc1394-25:amd64.
Preparing to unpack .../202-libdc1394-25_2.2.6-4build1_amd64.deb ...
Unpacking libdc1394-25:amd64 (2.2.6-4build1) ...
Selecting previously unselected package libopenal-data.
Preparing to unpack .../203-libopenal-data_1%3a1.23.1-4build1_all.deb ...
Unpacking libopenal-data (1:1.23.1-4build1) ...
Selecting previously unselected package libsndio7.0:amd64.
Preparing to unpack .../204-libsndio7.0_1.9.0-0.3build3_amd64.deb ...
Unpacking libsndio7.0:amd64 (1.9.0-0.3build3) ...
Selecting previously unselected package libopenal1:amd64.
Preparing to unpack .../205-libopenal1_1%3a1.23.1-4build1_amd64.deb ...
Unpacking libopenal1:amd64 (1:1.23.1-4build1) ...
Selecting previously unselected package libavdevice60:amd64.
Preparing to unpack .../206-libavdevice60_7%3a6.1.1-3ubuntu5_amd64.deb ...
Unpacking libavdevice60:amd64 (7:6.1.1-3ubuntu5) ...
Selecting previously unselected package ffmpeg.
Preparing to unpack .../207-ffmpeg_7%3a6.1.1-3ubuntu5_amd64.deb ...
Unpacking ffmpeg (7:6.1.1-3ubuntu5) ...
Selecting previously unselected package fonts-lmodern.
Preparing to unpack .../208-fonts-lmodern_2.005-1_all.deb ...
Unpacking fonts-lmodern (2.005-1) ...
Selecting previously unselected package foremost.
Preparing to unpack .../209-foremost_1.5.7-11_amd64.deb ...
Unpacking foremost (1.5.7-11) ...
Selecting previously unselected package libgfortran-13-dev:amd64.
Preparing to unpack .../210-libgfortran-13-dev_13.3.0-6ubuntu2~24.04.1_amd64.deb ...
Unpacking libgfortran-13-dev:amd64 (13.3.0-6ubuntu2~24.04.1) ...
Selecting previously unselected package gfortran-13-x86-64-linux-gnu.
Preparing to unpack .../211-gfortran-13-x86-64-linux-gnu_13.3.0-6ubuntu2~24.04.1_amd64.deb ...
Unpacking gfortran-13-x86-64-linux-gnu (13.3.0-6ubuntu2~24.04.1) ...
Selecting previously unselected package gfortran-13.
Preparing to unpack .../212-gfortran-13_13.3.0-6ubuntu2~24.04.1_amd64.deb ...
Unpacking gfortran-13 (13.3.0-6ubuntu2~24.04.1) ...
Selecting previously unselected package gfortran-x86-64-linux-gnu.
Preparing to unpack .../213-gfortran-x86-64-linux-gnu_4%3a13.2.0-7ubuntu1_amd64.deb ...
Unpacking gfortran-x86-64-linux-gnu (4:13.2.0-7ubuntu1) ...
Selecting previously unselected package gfortran.
Preparing to unpack .../214-gfortran_4%3a13.2.0-7ubuntu1_amd64.deb ...
Unpacking gfortran (4:13.2.0-7ubuntu1) ...
Selecting previously unselected package gsasl-common.
Preparing to unpack .../215-gsasl-common_2.2.1-1willsync1ubuntu0.1_all.deb ...
Unpacking gsasl-common (2.2.1-1willsync1ubuntu0.1) ...
Selecting previously unselected package guile-3.0-libs:amd64.
Preparing to unpack .../216-guile-3.0-libs_3.0.9-1build2_amd64.deb ...
Unpacking guile-3.0-libs:amd64 (3.0.9-1build2) ...
Selecting previously unselected package gyp.
Preparing to unpack .../217-gyp_0.1+20220404git9ecf45e-2_all.deb ...
Unpacking gyp (0.1+20220404git9ecf45e-2) ...
Selecting previously unselected package node-neo-async.
Preparing to unpack .../218-node-neo-async_2.6.2+~cs3.0.0-3_all.deb ...
Unpacking node-neo-async (2.6.2+~cs3.0.0-3) ...
Selecting previously unselected package node-arrify.
Preparing to unpack .../219-node-arrify_2.0.1-3_all.deb ...
Unpacking node-arrify (2.0.1-3) ...
Selecting previously unselected package node-is-plain-obj.
Preparing to unpack .../220-node-is-plain-obj_3.0.0-2_all.deb ...
Unpacking node-is-plain-obj (3.0.0-2) ...
Selecting previously unselected package node-is-buffer.
Preparing to unpack .../221-node-is-buffer_2.0.5-2_all.deb ...
Unpacking node-is-buffer (2.0.5-2) ...
Selecting previously unselected package node-kind-of.
Preparing to unpack .../222-node-kind-of_6.0.3+dfsg-2_all.deb ...
Unpacking node-kind-of (6.0.3+dfsg-2) ...
Selecting previously unselected package node-minimist.
Preparing to unpack .../223-node-minimist_1.2.8+~cs5.3.5-1_all.deb ...
Unpacking node-minimist (1.2.8+~cs5.3.5-1) ...
Selecting previously unselected package node-wordwrap.
Preparing to unpack .../224-node-wordwrap_1.0.0-4_all.deb ...
Unpacking node-wordwrap (1.0.0-4) ...
Selecting previously unselected package node-optimist.
Preparing to unpack .../225-node-optimist_0.6.1+~0.0.30-2_all.deb ...
Unpacking node-optimist (0.6.1+~0.0.30-2) ...
Selecting previously unselected package libjs-source-map.
Preparing to unpack .../226-libjs-source-map_0.7.0++dfsg2+really.0.6.1-15_all.deb ...
Unpacking libjs-source-map (0.7.0++dfsg2+really.0.6.1-15) ...
Selecting previously unselected package node-source-map.
Preparing to unpack .../227-node-source-map_0.7.0++dfsg2+really.0.6.1-15_all.deb ...
Unpacking node-source-map (0.7.0++dfsg2+really.0.6.1-15) ...
Selecting previously unselected package handlebars.
Preparing to unpack .../228-handlebars_3%3a4.7.7+~4.1.0-1_all.deb ...
Unpacking handlebars (3:4.7.7+~4.1.0-1) ...
Selecting previously unselected package libigdgmm12:amd64.
Preparing to unpack .../229-libigdgmm12_22.3.17+ds1-1ubuntu1_amd64.deb ...
Unpacking libigdgmm12:amd64 (22.3.17+ds1-1ubuntu1) ...
Selecting previously unselected package intel-media-va-driver:amd64.
Preparing to unpack .../230-intel-media-va-driver_24.1.0+dfsg1-1ubuntu0.2_amd64.deb ...
Unpacking intel-media-va-driver:amd64 (24.1.0+dfsg1-1ubuntu0.2) ...
Selecting previously unselected package ledit.
Preparing to unpack .../231-ledit_2.04-7build5_amd64.deb ...
Unpacking ledit (2.04-7build5) ...
Selecting previously unselected package libaacs0:amd64.
Preparing to unpack .../232-libaacs0_0.11.1-2build1_amd64.deb ...
Unpacking libaacs0:amd64 (0.11.1-2build1) ...
Selecting previously unselected package libafflib0t64:amd64.
Preparing to unpack .../233-libafflib0t64_3.7.20-1.1ubuntu5_amd64.deb ...
Unpacking libafflib0t64:amd64 (3.7.20-1.1ubuntu5) ...
Selecting previously unselected package libbdplus0:amd64.
Preparing to unpack .../234-libbdplus0_0.2.0-3build1_amd64.deb ...
Unpacking libbdplus0:amd64 (0.2.0-3build1) ...
Selecting previously unselected package libbfio1:amd64.
Preparing to unpack .../235-libbfio1_20170123-6_amd64.deb ...
Unpacking libbfio1:amd64 (20170123-6) ...
Selecting previously unselected package libblas-dev:amd64.
Preparing to unpack .../236-libblas-dev_3.12.0-3build1.1_amd64.deb ...
Unpacking libblas-dev:amd64 (3.12.0-3build1.1) ...
Selecting previously unselected package libdate-manip-perl.
Preparing to unpack .../237-libdate-manip-perl_6.95-1_all.deb ...
Unpacking libdate-manip-perl (6.95-1) ...
Selecting previously unselected package libewf2:amd64.
Preparing to unpack .../238-libewf2_20140814-1build3_amd64.deb ...
Unpacking libewf2:amd64 (20140814-1build3) ...
Selecting previously unselected package libfindlib-ocaml-dev.
Preparing to unpack .../239-libfindlib-ocaml-dev_1.9.6-1build4_amd64.deb ...
Unpacking libfindlib-ocaml-dev (1.9.6-1build4) ...
Selecting previously unselected package libgssglue1:amd64.
Preparing to unpack .../240-libgssglue1_0.9-1build1_amd64.deb ...
Unpacking libgssglue1:amd64 (0.9-1build1) ...
Selecting previously unselected package libntlm0:amd64.
Preparing to unpack .../241-libntlm0_1.7-1build1_amd64.deb ...
Unpacking libntlm0:amd64 (1.7-1build1) ...
Selecting previously unselected package libgsasl18:amd64.
Preparing to unpack .../242-libgsasl18_2.2.1-1willsync1ubuntu0.1_amd64.deb ...
Unpacking libgsasl18:amd64 (2.2.1-1willsync1ubuntu0.1) ...
Selecting previously unselected package libgumbo2:amd64.
Preparing to unpack .../243-libgumbo2_0.12.0+dfsg-2build1_amd64.deb ...
Unpacking libgumbo2:amd64 (0.12.0+dfsg-2build1) ...
Selecting previously unselected package libjs-async.
Preparing to unpack .../244-libjs-async_0.8.0-6_all.deb ...
Unpacking libjs-async (0.8.0-6) ...
Selecting previously unselected package libjs-events.
Preparing to unpack .../245-libjs-events_3.3.0+~3.0.0-3_all.deb ...
Unpacking libjs-events (3.3.0+~3.0.0-3) ...
Selecting previously unselected package libjs-is-typedarray.
Preparing to unpack .../246-libjs-is-typedarray_1.0.0-4_all.deb ...
Unpacking libjs-is-typedarray (1.0.0-4) ...
Selecting previously unselected package libjs-prettify.
Preparing to unpack .../247-libjs-prettify_2015.12.04+dfsg-1.1_all.deb ...
Unpacking libjs-prettify (2015.12.04+dfsg-1.1) ...
Selecting previously unselected package libjs-sprintf-js.
Preparing to unpack .../248-libjs-sprintf-js_1.1.2+ds1+~1.1.2-1_all.deb ...
Unpacking libjs-sprintf-js (1.1.2+ds1+~1.1.2-1) ...
Selecting previously unselected package libjs-typedarray-to-buffer.
Preparing to unpack .../249-libjs-typedarray-to-buffer_4.0.0-2_all.deb ...
Unpacking libjs-typedarray-to-buffer (4.0.0-2) ...
Selecting previously unselected package node-lodash-packages.
Preparing to unpack .../250-node-lodash-packages_4.17.21+dfsg+~cs8.31.198.20210220-9_all.deb ...
Unpacking node-lodash-packages (4.17.21+dfsg+~cs8.31.198.20210220-9) ...
Selecting previously unselected package node-function-bind.
Preparing to unpack .../251-node-function-bind_1.1.2+~cs2.1.14-1_all.deb ...
Unpacking node-function-bind (1.1.2+~cs2.1.14-1) ...
Selecting previously unselected package node-object-inspect.
Preparing to unpack .../252-node-object-inspect_1.12.2+~cs1.8.1-1_all.deb ...
Unpacking node-object-inspect (1.12.2+~cs1.8.1-1) ...
Selecting previously unselected package node-es-abstract.
Preparing to unpack .../253-node-es-abstract_1.20.4+~cs26.27.47-1_all.deb ...
Unpacking node-es-abstract (1.20.4+~cs26.27.47-1) ...
Selecting previously unselected package node-resolve.
Preparing to unpack .../254-node-resolve_1.22.8+~cs5.34.15-2_all.deb ...
Unpacking node-resolve (1.22.8+~cs5.34.15-2) ...
Selecting previously unselected package node-define-properties.
Preparing to unpack .../255-node-define-properties_1.2.1+~cs2.2.3-1_all.deb ...
Unpacking node-define-properties (1.2.1+~cs2.2.3-1) ...
Selecting previously unselected package node-debbundle-es-to-primitive.
Preparing to unpack .../256-node-debbundle-es-to-primitive_1.2.1+~cs9.7.25-2_all.deb ...
Unpacking node-debbundle-es-to-primitive (1.2.1+~cs9.7.25-2) ...
Selecting previously unselected package node-isobject.
Preparing to unpack .../257-node-isobject_4.0.0-2_all.deb ...
Unpacking node-isobject (4.0.0-2) ...
Selecting previously unselected package node-is-descriptor.
Preparing to unpack .../258-node-is-descriptor_3.0.0-2_all.deb ...
Unpacking node-is-descriptor (3.0.0-2) ...
Selecting previously unselected package node-define-property.
Preparing to unpack .../259-node-define-property_2.0.2+really+2.0.2-3_all.deb ...
Unpacking node-define-property (2.0.2+really+2.0.2-3) ...
Selecting previously unselected package node-defined.
Preparing to unpack .../260-node-defined_1.0.1+~1.0.0-1_all.deb ...
Unpacking node-defined (1.0.1+~1.0.0-1) ...
Selecting previously unselected package node-abbrev.
Preparing to unpack .../261-node-abbrev_1.1.1+~1.1.2-1_all.deb ...
Unpacking node-abbrev (1.1.1+~1.1.2-1) ...
Selecting previously unselected package node-archy.
Preparing to unpack .../262-node-archy_1.0.0-6_all.deb ...
Unpacking node-archy (1.0.0-6) ...
Selecting previously unselected package node-async.
Preparing to unpack .../263-node-async_0.8.0-6_all.deb ...
Unpacking node-async (0.8.0-6) ...
Selecting previously unselected package node-convert-source-map.
Preparing to unpack .../264-node-convert-source-map_1.9.0+~1.5.2-1_all.deb ...
Unpacking node-convert-source-map (1.9.0+~1.5.2-1) ...
Selecting previously unselected package node-decamelize.
Preparing to unpack .../265-node-decamelize_4.0.0-2_all.deb ...
Unpacking node-decamelize (4.0.0-2) ...
Selecting previously unselected package node-es6-error.
Preparing to unpack .../266-node-es6-error_4.1.1-5_all.deb ...
Unpacking node-es6-error (4.1.1-5) ...
Selecting previously unselected package node-esprima.
Preparing to unpack .../267-node-esprima_4.0.1+ds+~4.0.3-2_all.deb ...
Unpacking node-esprima (4.0.1+ds+~4.0.3-2) ...
Selecting previously unselected package node-escodegen.
Preparing to unpack .../268-node-escodegen_2.1.0+dfsg+~0.0.8-1_all.deb ...
Unpacking node-escodegen (2.1.0+dfsg+~0.0.8-1) ...
Selecting previously unselected package node-commondir.
Preparing to unpack .../269-node-commondir_1.0.1+~1.0.0-1_all.deb ...
Unpacking node-commondir (1.0.1+~1.0.0-1) ...
Selecting previously unselected package node-is-number.
Preparing to unpack .../270-node-is-number_7.0.0-4_all.deb ...
Unpacking node-is-number (7.0.0-4) ...
Selecting previously unselected package node-repeat-string.
Preparing to unpack .../271-node-repeat-string_1.6.1+repack-1_all.deb ...
Unpacking node-repeat-string (1.6.1+repack-1) ...
Selecting previously unselected package node-to-regex-range.
Preparing to unpack .../272-node-to-regex-range_5.0.1-4_all.deb ...
Unpacking node-to-regex-range (5.0.1-4) ...
Selecting previously unselected package node-fill-range.
Preparing to unpack .../273-node-fill-range_7.0.1+~7.0.0-1_all.deb ...
Unpacking node-fill-range (7.0.1+~7.0.0-1) ...
Selecting previously unselected package node-braces.
Preparing to unpack .../274-node-braces_3.0.2+~3.0.1-1_all.deb ...
Unpacking node-braces (3.0.2+~3.0.1-1) ...
Selecting previously unselected package node-normalize-path.
Preparing to unpack .../275-node-normalize-path_3.0.0+~3.0.0-1_all.deb ...
Unpacking node-normalize-path (3.0.0+~3.0.0-1) ...
Selecting previously unselected package node-anymatch.
Preparing to unpack .../276-node-anymatch_3.1.3+~cs4.6.1-2_all.deb ...
Unpacking node-anymatch (3.1.3+~cs4.6.1-2) ...
Selecting previously unselected package node-micromatch.
Preparing to unpack .../277-node-micromatch_4.0.5+~4.0.2-1_all.deb ...
Unpacking node-micromatch (4.0.5+~4.0.2-1) ...
Selecting previously unselected package node-pify.
Preparing to unpack .../278-node-pify_5.0.0+~cs5.0.1-1_all.deb ...
Unpacking node-pify (5.0.0+~cs5.0.1-1) ...
Selecting previously unselected package node-path-type.
Preparing to unpack .../279-node-path-type_4.0.0-3_all.deb ...
Unpacking node-path-type (4.0.0-3) ...
Selecting previously unselected package node-n3.
Preparing to unpack .../280-node-n3_1.16.3+~1.2.3+~1.10.4-1_all.deb ...
Unpacking node-n3 (1.16.3+~1.2.3+~1.10.4-1) ...
Selecting previously unselected package node-slash.
Preparing to unpack .../281-node-slash_4.0.0-3_all.deb ...
Unpacking node-slash (4.0.0-3) ...
Selecting previously unselected package node-globby.
Preparing to unpack .../282-node-globby_13.1.3+~cs16.25.40-2_all.deb ...
Unpacking node-globby (13.1.3+~cs16.25.40-2) ...
Selecting previously unselected package node-graceful-fs.
Preparing to unpack .../283-node-graceful-fs_4.2.10-1_all.deb ...
Unpacking node-graceful-fs (4.2.10-1) ...
Selecting previously unselected package node-is-path-cwd.
Preparing to unpack .../284-node-is-path-cwd_2.2.0-2_all.deb ...
Unpacking node-is-path-cwd (2.2.0-2) ...
Selecting previously unselected package node-path-is-inside.
Preparing to unpack .../285-node-path-is-inside_1.0.2+~1.0.0-1_all.deb ...
Unpacking node-path-is-inside (1.0.2+~1.0.0-1) ...
Selecting previously unselected package node-is-path-inside.
Preparing to unpack .../286-node-is-path-inside_3.0.3-2_all.deb ...
Unpacking node-is-path-inside (3.0.3-2) ...
Selecting previously unselected package node-escape-string-regexp.
Preparing to unpack .../287-node-escape-string-regexp_4.0.0-2_all.deb ...
Unpacking node-escape-string-regexp (4.0.0-2) ...
Selecting previously unselected package node-indent-string.
Preparing to unpack .../288-node-indent-string_4.0.0-2_all.deb ...
Unpacking node-indent-string (4.0.0-2) ...
Selecting previously unselected package node-p-map.
Preparing to unpack .../289-node-p-map_4.0.0+~3.1.0+~3.0.1-1_all.deb ...
Unpacking node-p-map (4.0.0+~3.1.0+~3.0.1-1) ...
Selecting previously unselected package node-del.
Preparing to unpack .../290-node-del_7.0.0-5_all.deb ...
Unpacking node-del (7.0.0-5) ...
Selecting previously unselected package node-make-dir.
Preparing to unpack .../291-node-make-dir_3.1.0-3_all.deb ...
Unpacking node-make-dir (3.1.0-3) ...
Selecting previously unselected package node-p-limit.
Preparing to unpack .../292-node-p-limit_4.0.0+~cs4.0.0-5_all.deb ...
Unpacking node-p-limit (4.0.0+~cs4.0.0-5) ...
Selecting previously unselected package node-p-locate.
Preparing to unpack .../293-node-p-locate_6.0.0-12_all.deb ...
Unpacking node-p-locate (6.0.0-12) ...
Selecting previously unselected package node-locate-path.
Preparing to unpack .../294-node-locate-path_7.1.1-2_all.deb ...
Unpacking node-locate-path (7.1.1-2) ...
Selecting previously unselected package node-path-exists.
Preparing to unpack .../295-node-path-exists_5.0.0-8_all.deb ...
Unpacking node-path-exists (5.0.0-8) ...
Selecting previously unselected package node-find-up.
Preparing to unpack .../296-node-find-up_6.3.0-7_all.deb ...
Unpacking node-find-up (6.3.0-7) ...
Selecting previously unselected package node-pkg-dir.
Preparing to unpack .../297-node-pkg-dir_5.0.0-2_all.deb ...
Unpacking node-pkg-dir (5.0.0-2) ...
Selecting previously unselected package node-find-cache-dir.
Preparing to unpack .../298-node-find-cache-dir_3.3.2+~3.2.1-1_all.deb ...
Unpacking node-find-cache-dir (3.3.2+~3.2.1-1) ...
Selecting previously unselected package node-signal-exit.
Preparing to unpack .../299-node-signal-exit_4.1.0-6_all.deb ...
Unpacking node-signal-exit (4.1.0-6) ...
Selecting previously unselected package node-foreground-child.
Preparing to unpack .../300-node-foreground-child_3.1.1-2_all.deb ...
Unpacking node-foreground-child (3.1.1-2) ...
Selecting previously unselected package node-is-stream.
Preparing to unpack .../301-node-is-stream_3.0.0-4_all.deb ...
Unpacking node-is-stream (3.0.0-4) ...
Selecting previously unselected package node-is-windows.
Preparing to unpack .../302-node-is-windows_1.0.2+~cs1.0.0-1_all.deb ...
Unpacking node-is-windows (1.0.2+~cs1.0.0-1) ...
Selecting previously unselected package node-ampproject-remapping.
Preparing to unpack .../303-node-ampproject-remapping_2.2.0+~cs5.15.37-1_all.deb ...
Unpacking node-ampproject-remapping (2.2.0+~cs5.15.37-1) ...
Selecting previously unselected package node-sprintf-js.
Preparing to unpack .../304-node-sprintf-js_1.1.2+ds1+~1.1.2-1_all.deb ...
Unpacking node-sprintf-js (1.1.2+ds1+~1.1.2-1) ...
Selecting previously unselected package node-argparse.
Preparing to unpack .../305-node-argparse_2.0.1-2_all.deb ...
Unpacking node-argparse (2.0.1-2) ...
Selecting previously unselected package node-js-yaml.
Preparing to unpack .../306-node-js-yaml_4.1.0+dfsg+~4.0.5-7_all.deb ...
Unpacking node-js-yaml (4.1.0+dfsg+~4.0.5-7) ...
Selecting previously unselected package node-nopt.
Preparing to unpack .../307-node-nopt_5.0.0-4_all.deb ...
Unpacking node-nopt (5.0.0-4) ...
Selecting previously unselected package node-npm-run-path.
Preparing to unpack .../308-node-npm-run-path_5.1.0+~4.0.0-8_all.deb ...
Unpacking node-npm-run-path (5.1.0+~4.0.0-8) ...
Selecting previously unselected package node-shebang-regex.
Preparing to unpack .../309-node-shebang-regex_3.0.0-2_all.deb ...
Unpacking node-shebang-regex (3.0.0-2) ...
Selecting previously unselected package node-shebang-command.
Preparing to unpack .../310-node-shebang-command_2.0.0-1_all.deb ...
Unpacking node-shebang-command (2.0.0-1) ...
Selecting previously unselected package node-strip-bom.
Preparing to unpack .../311-node-strip-bom_4.0.0-2_all.deb ...
Unpacking node-strip-bom (4.0.0-2) ...
Selecting previously unselected package node-has-flag.
Preparing to unpack .../312-node-has-flag_4.0.0-3_all.deb ...
Unpacking node-has-flag (4.0.0-3) ...
Selecting previously unselected package node-supports-color.
Preparing to unpack .../313-node-supports-color_8.1.1+~8.1.1-1_all.deb ...
Unpacking node-supports-color (8.1.1+~8.1.1-1) ...
Selecting previously unselected package node-util.
Preparing to unpack .../314-node-util_0.12.5+~1.0.10-1_all.deb ...
Unpacking node-util (0.12.5+~1.0.10-1) ...
Selecting previously unselected package node-assert.
Preparing to unpack .../315-node-assert_2.0.0+~cs3.9.8-2_all.deb ...
Unpacking node-assert (2.0.0+~cs3.9.8-2) ...
Selecting previously unselected package node-babel-plugin-add-module-exports.
Preparing to unpack .../316-node-babel-plugin-add-module-exports_1.0.4+dfsg1~cs5.8.0-4_all.deb ...
Unpacking node-babel-plugin-add-module-exports (1.0.4+dfsg1~cs5.8.0-4) ...
Selecting previously unselected package node-regenerator-runtime.
Preparing to unpack .../317-node-regenerator-runtime_0.15.2+~0.10.8-1_all.deb ...
Unpacking node-regenerator-runtime (0.15.2+~0.10.8-1) ...
Selecting previously unselected package node-babel7-runtime.
Preparing to unpack .../318-node-babel7-runtime_7.20.15+ds1+~cs214.269.168-6build1_all.deb ...
Unpacking node-babel7-runtime (7.20.15+ds1+~cs214.269.168-6build1) ...
Selecting previously unselected package node-babel-helper-define-polyfill-provider.
Preparing to unpack .../319-node-babel-helper-define-polyfill-provider_0.3.3~0~20220913+ds1-1_all.deb ...
Unpacking node-babel-helper-define-polyfill-provider (0.3.3~0~20220913+ds1-1) ...
Selecting previously unselected package node-babel-plugin-polyfill-corejs2.
Preparing to unpack .../320-node-babel-plugin-polyfill-corejs2_0.3.3~0~20220913+ds1-1_all.deb ...
Unpacking node-babel-plugin-polyfill-corejs2 (0.3.3~0~20220913+ds1-1) ...
Selecting previously unselected package node-caniuse-lite.
Preparing to unpack .../321-node-caniuse-lite_1.0.30001571+dfsg+~1.0.5-1_all.deb ...
Unpacking node-caniuse-lite (1.0.30001571+dfsg+~1.0.5-1) ...
Selecting previously unselected package node-electron-to-chromium.
Preparing to unpack .../322-node-electron-to-chromium_1.4.616-1_all.deb ...
Unpacking node-electron-to-chromium (1.4.616-1) ...
Selecting previously unselected package node-picocolors.
Preparing to unpack .../323-node-picocolors_1.0.0-4_all.deb ...
Unpacking node-picocolors (1.0.0-4) ...
Selecting previously unselected package node-browserslist.
Preparing to unpack .../324-node-browserslist_4.22.1+~cs6.1.28-1_all.deb ...
Unpacking node-browserslist (4.22.1+~cs6.1.28-1) ...
Selecting previously unselected package node-core-js-compat.
Preparing to unpack .../325-node-core-js-compat_3.33.2-1build2_all.deb ...
Unpacking node-core-js-compat (3.33.2-1build2) ...
Selecting previously unselected package node-babel-plugin-polyfill-corejs3.
Preparing to unpack .../326-node-babel-plugin-polyfill-corejs3_0.6.0~0~20220913+ds1-1_all.deb ...
Unpacking node-babel-plugin-polyfill-corejs3 (0.6.0~0~20220913+ds1-1) ...
Selecting previously unselected package node-babel-plugin-polyfill-regenerator.
Preparing to unpack .../327-node-babel-plugin-polyfill-regenerator_0.4.1~0~20220913+ds1-1_all.deb ...
Unpacking node-babel-plugin-polyfill-regenerator (0.4.1~0~20220913+ds1-1) ...
Selecting previously unselected package node-color-name.
Preparing to unpack .../328-node-color-name_1.1.4+~1.1.1-2_all.deb ...
Unpacking node-color-name (1.1.4+~1.1.1-2) ...
Selecting previously unselected package node-color-convert.
Preparing to unpack .../329-node-color-convert_2.0.1+~cs2.0.0-2_all.deb ...
Unpacking node-color-convert (2.0.1+~cs2.0.0-2) ...
Selecting previously unselected package node-ansi-styles.
Preparing to unpack .../330-node-ansi-styles_6.2.1-2_all.deb ...
Unpacking node-ansi-styles (6.2.1-2) ...
Selecting previously unselected package node-chalk.
Preparing to unpack .../331-node-chalk_5.3.0-1build1_all.deb ...
Unpacking node-chalk (5.3.0-1build1) ...
Selecting previously unselected package node-for-in.
Preparing to unpack .../332-node-for-in_1.0.2-4_all.deb ...
Unpacking node-for-in (1.0.2-4) ...
Selecting previously unselected package node-for-own.
Preparing to unpack .../333-node-for-own_1.0.0-3_all.deb ...
Unpacking node-for-own (1.0.0-3) ...
Selecting previously unselected package node-is-plain-object.
Preparing to unpack .../334-node-is-plain-object_5.0.0-7_all.deb ...
Unpacking node-is-plain-object (5.0.0-7) ...
Selecting previously unselected package node-is-extendable.
Preparing to unpack .../335-node-is-extendable_1.0.1-3_all.deb ...
Unpacking node-is-extendable (1.0.1-3) ...
Selecting previously unselected package node-clone-deep.
Preparing to unpack .../336-node-clone-deep_4.0.1+~cs7.0.2-1_all.deb ...
Unpacking node-clone-deep (4.0.1+~cs7.0.2-1) ...
Selecting previously unselected package node-core-js.
Preparing to unpack .../337-node-core-js_3.33.2-1build2_all.deb ...
Unpacking node-core-js (3.33.2-1build2) ...
Selecting previously unselected package node-core-js-pure.
Preparing to unpack .../338-node-core-js-pure_3.33.2-1build2_all.deb ...
Unpacking node-core-js-pure (3.33.2-1build2) ...
Selecting previously unselected package node-fs-readdir-recursive.
Preparing to unpack .../339-node-fs-readdir-recursive_1.1.0+~1.1.0-1_all.deb ...
Unpacking node-fs-readdir-recursive (1.1.0+~1.1.0-1) ...
Selecting previously unselected package node-js-tokens.
Preparing to unpack .../340-node-js-tokens_8.0.0-2_all.deb ...
Unpacking node-js-tokens (8.0.0-2) ...
Selecting previously unselected package node-jsesc.
Preparing to unpack .../341-node-jsesc_3.0.2+~3.0.1-1_all.deb ...
Unpacking node-jsesc (3.0.2+~3.0.1-1) ...
Selecting previously unselected package node-json5.
Preparing to unpack .../342-node-json5_2.2.3+dfsg-1build1_all.deb ...
Unpacking node-json5 (2.2.3+dfsg-1build1) ...
Selecting previously unselected package node-quick-lru.
Preparing to unpack .../343-node-quick-lru_6.1.1-4_all.deb ...
Unpacking node-quick-lru (6.1.1-4) ...
Selecting previously unselected package node-regenerator-transform.
Preparing to unpack .../344-node-regenerator-transform_0.15.2+~0.10.8-1_all.deb ...
Unpacking node-regenerator-transform (0.15.2+~0.10.8-1) ...
Selecting previously unselected package node-regjsgen.
Preparing to unpack .../345-node-regjsgen_0.7.1+ds-1_all.deb ...
Unpacking node-regjsgen (0.7.1+ds-1) ...
Selecting previously unselected package node-regjsparser.
Preparing to unpack .../346-node-regjsparser_0.9.1+ds-2_all.deb ...
Unpacking node-regjsparser (0.9.1+ds-2) ...
Selecting previously unselected package node-unicode-canonical-property-names-ecmascript.
Preparing to unpack .../347-node-unicode-canonical-property-names-ecmascript_2.0.0-2_all.deb ...
Unpacking node-unicode-canonical-property-names-ecmascript (2.0.0-2) ...
Selecting previously unselected package node-unicode-property-aliases-ecmascript.
Preparing to unpack .../348-node-unicode-property-aliases-ecmascript_2.1.0+ds-1_all.deb ...
Unpacking node-unicode-property-aliases-ecmascript (2.1.0+ds-1) ...
Selecting previously unselected package node-unicode-match-property-ecmascript.
Preparing to unpack .../349-node-unicode-match-property-ecmascript_2.0.0-2_all.deb ...
Unpacking node-unicode-match-property-ecmascript (2.0.0-2) ...
Selecting previously unselected package node-unicode-match-property-value-ecmascript.
Preparing to unpack .../350-node-unicode-match-property-value-ecmascript_2.1.0+ds-1_all.deb ...
Unpacking node-unicode-match-property-value-ecmascript (2.1.0+ds-1) ...
Selecting previously unselected package node-regexpu-core.
Preparing to unpack .../351-node-regexpu-core_5.2.2-3_all.deb ...
Unpacking node-regexpu-core (5.2.2-3) ...
Selecting previously unselected package node-source-map-support.
Preparing to unpack .../352-node-source-map-support_0.5.21+ds+~0.5.4-1_all.deb ...
Unpacking node-source-map-support (0.5.21+ds+~0.5.4-1) ...
Selecting previously unselected package node-to-fast-properties.
Preparing to unpack .../353-node-to-fast-properties_3.0.1-3_all.deb ...
Unpacking node-to-fast-properties (3.0.1-3) ...
Selecting previously unselected package node-v8flags.
Preparing to unpack .../354-node-v8flags_3.2.0+~3.1.1-1_all.deb ...
Unpacking node-v8flags (3.2.0+~3.1.1-1) ...
Selecting previously unselected package node-babel7.
Preparing to unpack .../355-node-babel7_7.20.15+ds1+~cs214.269.168-6build1_all.deb ...
Unpacking node-babel7 (7.20.15+ds1+~cs214.269.168-6build1) ...
Selecting previously unselected package node-is-arrayish.
Preparing to unpack .../356-node-is-arrayish_0.3.2-3_all.deb ...
Unpacking node-is-arrayish (0.3.2-3) ...
Selecting previously unselected package node-error-ex.
Preparing to unpack .../357-node-error-ex_1.3.2-4_all.deb ...
Unpacking node-error-ex (1.3.2-4) ...
Selecting previously unselected package node-json-parse-better-errors.
Preparing to unpack .../358-node-json-parse-better-errors_1.0.2+~cs3.3.1-2_all.deb ...
Unpacking node-json-parse-better-errors (1.0.2+~cs3.3.1-2) ...
Selecting previously unselected package node-parse-json.
Preparing to unpack .../359-node-parse-json_5.2.0+~cs5.1.7-1_all.deb ...
Unpacking node-parse-json (5.2.0+~cs5.1.7-1) ...
Selecting previously unselected package node-hosted-git-info.
Preparing to unpack .../360-node-hosted-git-info_6.1.1-2_all.deb ...
Unpacking node-hosted-git-info (6.1.1-2) ...
Selecting previously unselected package node-spdx-license-ids.
Preparing to unpack .../361-node-spdx-license-ids_3.0.12-1_all.deb ...
Unpacking node-spdx-license-ids (3.0.12-1) ...
Selecting previously unselected package node-spdx-exceptions.
Preparing to unpack .../362-node-spdx-exceptions_2.3.0-2_all.deb ...
Unpacking node-spdx-exceptions (2.3.0-2) ...
Selecting previously unselected package node-spdx-expression-parse.
Preparing to unpack .../363-node-spdx-expression-parse_3.0.1+~3.0.1-1_all.deb ...
Unpacking node-spdx-expression-parse (3.0.1+~3.0.1-1) ...
Selecting previously unselected package node-spdx-correct.
Preparing to unpack .../364-node-spdx-correct_3.1.1-2_all.deb ...
Unpacking node-spdx-correct (3.1.1-2) ...
Selecting previously unselected package node-validate-npm-package-license.
Preparing to unpack .../365-node-validate-npm-package-license_3.0.4-2_all.deb ...
Unpacking node-validate-npm-package-license (3.0.4-2) ...
Selecting previously unselected package node-normalize-package-data.
Preparing to unpack .../366-node-normalize-package-data_4.0.1+~2.4.1-1_all.deb ...
Unpacking node-normalize-package-data (4.0.1+~2.4.1-1) ...
Selecting previously unselected package node-read-pkg.
Preparing to unpack .../367-node-read-pkg_5.2.0-2_all.deb ...
Unpacking node-read-pkg (5.2.0-2) ...
Selecting previously unselected package node-uuid.
Preparing to unpack .../368-node-uuid_8.3.2+~8.3.3-4_all.deb ...
Unpacking node-uuid (8.3.2+~8.3.3-4) ...
Selecting previously unselected package node-isexe.
Preparing to unpack .../369-node-isexe_2.0.0+~2.0.1-5_all.deb ...
Unpacking node-isexe (2.0.0+~2.0.1-5) ...
Selecting previously unselected package node-which.
Preparing to unpack .../370-node-which_2.0.2+~cs1.3.2-3_all.deb ...
Unpacking node-which (2.0.2+~cs1.3.2-3) ...
Selecting previously unselected package node-is-typedarray.
Preparing to unpack .../371-node-is-typedarray_1.0.0-4_all.deb ...
Unpacking node-is-typedarray (1.0.0-4) ...
Selecting previously unselected package node-typedarray-to-buffer.
Preparing to unpack .../372-node-typedarray-to-buffer_4.0.0-2_all.deb ...
Unpacking node-typedarray-to-buffer (4.0.0-2) ...
Selecting previously unselected package node-write-file-atomic.
Preparing to unpack .../373-node-write-file-atomic_4.0.2+~4.0.0-2_all.deb ...
Unpacking node-write-file-atomic (4.0.2+~4.0.0-2) ...
Selecting previously unselected package node-slice-ansi.
Preparing to unpack .../374-node-slice-ansi_5.0.0+~cs9.0.0-5_all.deb ...
Unpacking node-slice-ansi (5.0.0+~cs9.0.0-5) ...
Selecting previously unselected package node-ansi-regex.
Preparing to unpack .../375-node-ansi-regex_5.0.1-1_all.deb ...
Unpacking node-ansi-regex (5.0.1-1) ...
Selecting previously unselected package node-strip-ansi.
Preparing to unpack .../376-node-strip-ansi_6.0.1-2_all.deb ...
Unpacking node-strip-ansi (6.0.1-2) ...
Selecting previously unselected package node-clone.
Preparing to unpack .../377-node-clone_2.1.2+~2.1.2-1_all.deb ...
Unpacking node-clone (2.1.2+~2.1.2-1) ...
Selecting previously unselected package node-defaults.
Preparing to unpack .../378-node-defaults_1.0.4+~1.0.3-1_all.deb ...
Unpacking node-defaults (1.0.4+~1.0.3-1) ...
Selecting previously unselected package node-wcwidth.js.
Preparing to unpack .../379-node-wcwidth.js_1.0.2-2_all.deb ...
Unpacking node-wcwidth.js (1.0.2-2) ...
Selecting previously unselected package node-string-width.
Preparing to unpack .../380-node-string-width_4.2.3+~cs13.2.3-1_all.deb ...
Unpacking node-string-width (4.2.3+~cs13.2.3-1) ...
Selecting previously unselected package node-wrap-ansi.
Preparing to unpack .../381-node-wrap-ansi_8.0.1+~8.0.1-3_all.deb ...
Unpacking node-wrap-ansi (8.0.1+~8.0.1-3) ...
Selecting previously unselected package node-cliui.
Preparing to unpack .../382-node-cliui_7.0.4+repack+~cs3.1.0-4_all.deb ...
Unpacking node-cliui (7.0.4+repack+~cs3.1.0-4) ...
Selecting previously unselected package node-get-caller-file.
Preparing to unpack .../383-node-get-caller-file_2.0.5+~cs1.1.1-4_all.deb ...
Unpacking node-get-caller-file (2.0.5+~cs1.1.1-4) ...
Selecting previously unselected package node-require-directory.
Preparing to unpack .../384-node-require-directory_2.1.1+~2.1.2-1_all.deb ...
Unpacking node-require-directory (2.1.1+~2.1.2-1) ...
Selecting previously unselected package node-y18n.
Preparing to unpack .../385-node-y18n_5.0.8+~5.0.0-3_all.deb ...
Unpacking node-y18n (5.0.8+~5.0.0-3) ...
Selecting previously unselected package node-camelcase.
Preparing to unpack .../386-node-camelcase_7.0.0-3_all.deb ...
Unpacking node-camelcase (7.0.0-3) ...
Selecting previously unselected package node-yargs-parser.
Preparing to unpack .../387-node-yargs-parser_21.1.1+~21.0.0-4_all.deb ...
Unpacking node-yargs-parser (21.1.1+~21.0.0-4) ...
Selecting previously unselected package node-yargs.
Preparing to unpack .../388-node-yargs_16.2.0+~16.0.4-7_all.deb ...
Unpacking node-yargs (16.2.0+~16.0.4-7) ...
Selecting previously unselected package node-istanbul.
Preparing to unpack .../389-node-istanbul_0.4.5+repack10+~cs98.25.59-2_all.deb ...
Unpacking node-istanbul (0.4.5+repack10+~cs98.25.59-2) ...
Selecting previously unselected package node-through.
Preparing to unpack .../390-node-through_2.3.8+~cs0.0.30-1_all.deb ...
Unpacking node-through (2.3.8+~cs0.0.30-1) ...
Selecting previously unselected package node-resumer.
Preparing to unpack .../391-node-resumer_0.0.0-6_all.deb ...
Unpacking node-resumer (0.0.0-6) ...
Selecting previously unselected package node-tape.
Preparing to unpack .../392-node-tape_5.6.1+~cs8.20.19-1_all.deb ...
Unpacking node-tape (5.6.1+~cs8.20.19-1) ...
Selecting previously unselected package node-deep-equal.
Preparing to unpack .../393-node-deep-equal_2.2.3+~cs43.15.94-1_all.deb ...
Unpacking node-deep-equal (2.2.3+~cs43.15.94-1) ...
Selecting previously unselected package libjs-util.
Preparing to unpack .../394-libjs-util_0.12.5+~1.0.10-1_all.deb ...
Unpacking libjs-util (0.12.5+~1.0.10-1) ...
Selecting previously unselected package liblapack-dev:amd64.
Preparing to unpack .../395-liblapack-dev_3.12.0-3build1.1_amd64.deb ...
Unpacking liblapack-dev:amd64 (3.12.0-3build1.1) ...
Selecting previously unselected package libllvm17t64:amd64.
Preparing to unpack .../396-libllvm17t64_1%3a17.0.6-9ubuntu1_amd64.deb ...
Unpacking libllvm17t64:amd64 (1:17.0.6-9ubuntu1) ...
Selecting previously unselected package mailutils-common.
Preparing to unpack .../397-mailutils-common_1%3a3.17-1.1build3_all.deb ...
Unpacking mailutils-common (1:3.17-1.1build3) ...
Selecting previously unselected package libmailutils9t64:amd64.
Preparing to unpack .../398-libmailutils9t64_1%3a3.17-1.1build3_amd64.deb ...
Unpacking libmailutils9t64:amd64 (1:3.17-1.1build3) ...
Selecting previously unselected package libmujs3:amd64.
Preparing to unpack .../399-libmujs3_1.3.3-3build2_amd64.deb ...
Unpacking libmujs3:amd64 (1.3.3-3build2) ...
Selecting previously unselected package libuv1-dev:amd64.
Preparing to unpack .../400-libuv1-dev_1.48.0-1.1build1_amd64.deb ...
Unpacking libuv1-dev:amd64 (1.48.0-1.1build1) ...
Selecting previously unselected package libnode-dev.
Preparing to unpack .../401-libnode-dev_18.19.1+dfsg-6ubuntu5_amd64.deb ...
Unpacking libnode-dev (18.19.1+dfsg-6ubuntu5) ...
Selecting previously unselected package libnotify-bin.
Preparing to unpack .../402-libnotify-bin_0.8.3-1build2_amd64.deb ...
Unpacking libnotify-bin (0.8.3-1build2) ...
Selecting previously unselected package libptexenc1:amd64.
Preparing to unpack .../403-libptexenc1_2023.20230311.66589-9build3_amd64.deb ...
Unpacking libptexenc1:amd64 (2023.20230311.66589-9build3) ...
Selecting previously unselected package libreadline-dev:amd64.
Preparing to unpack .../404-libreadline-dev_8.2-4build1_amd64.deb ...
Unpacking libreadline-dev:amd64 (8.2-4build1) ...
Selecting previously unselected package libstd-rust-1.75:amd64.
Preparing to unpack .../405-libstd-rust-1.75_1.75.0+dfsg0ubuntu1-0ubuntu7.4_amd64.deb ...
Unpacking libstd-rust-1.75:amd64 (1.75.0+dfsg0ubuntu1-0ubuntu7.4) ...
Selecting previously unselected package libsynctex2:amd64.
Preparing to unpack .../406-libsynctex2_2023.20230311.66589-9build3_amd64.deb ...
Unpacking libsynctex2:amd64 (2023.20230311.66589-9build3) ...
Selecting previously unselected package libteckit0:amd64.
Preparing to unpack .../407-libteckit0_2.5.12+ds1-1_amd64.deb ...
Unpacking libteckit0:amd64 (2.5.12+ds1-1) ...
Selecting previously unselected package libtexlua53-5:amd64.
Preparing to unpack .../408-libtexlua53-5_2023.20230311.66589-9build3_amd64.deb ...
Unpacking libtexlua53-5:amd64 (2023.20230311.66589-9build3) ...
Selecting previously unselected package libvhdi1:amd64.
Preparing to unpack .../409-libvhdi1_20210425-1build5_amd64.deb ...
Unpacking libvhdi1:amd64 (20210425-1build5) ...
Selecting previously unselected package libvmdk1:amd64.
Preparing to unpack .../410-libvmdk1_20200926-2build5_amd64.deb ...
Unpacking libvmdk1:amd64 (20200926-2build5) ...
Selecting previously unselected package libtsk19t64:amd64.
Preparing to unpack .../411-libtsk19t64_4.12.1+dfsg-1.1ubuntu2_amd64.deb ...
Unpacking libtsk19t64:amd64 (4.12.1+dfsg-1.1ubuntu2) ...
Selecting previously unselected package libzzip-0-13t64:amd64.
Preparing to unpack .../412-libzzip-0-13t64_0.13.72+dfsg.1-1.2build1_amd64.deb ...
Unpacking libzzip-0-13t64:amd64 (0.13.72+dfsg.1-1.2build1) ...
Selecting previously unselected package tex-common.
Preparing to unpack .../413-tex-common_6.18_all.deb ...
Unpacking tex-common (6.18) ...
Selecting previously unselected package lmodern.
Preparing to unpack .../414-lmodern_2.005-1_all.deb ...
Unpacking lmodern (2.005-1) ...
Selecting previously unselected package mailutils.
Preparing to unpack .../415-mailutils_1%3a3.17-1.1build3_amd64.deb ...
Unpacking mailutils (1:3.17-1.1build3) ...
Selecting previously unselected package mesa-va-drivers:amd64.
Preparing to unpack .../416-mesa-va-drivers_25.2.8-0ubuntu0.24.04.2_amd64.deb ...
Unpacking mesa-va-drivers:amd64 (25.2.8-0ubuntu0.24.04.2) ...
Selecting previously unselected package mesa-vdpau-drivers:amd64.
Preparing to unpack .../417-mesa-vdpau-drivers_25.2.8-0ubuntu0.24.04.2_amd64.deb ...
Unpacking mesa-vdpau-drivers:amd64 (25.2.8-0ubuntu0.24.04.2) ...
Selecting previously unselected package mupdf-tools.
Preparing to unpack .../418-mupdf-tools_1.23.10+ds1-1build3_amd64.deb ...
Unpacking mupdf-tools (1.23.10+ds1-1build3) ...
Selecting previously unselected package ncurses-term.
Preparing to unpack .../419-ncurses-term_6.4+20240113-1ubuntu2.1_all.deb ...
Unpacking ncurses-term (6.4+20240113-1ubuntu2.1) ...
Selecting previously unselected package nginx-common.
Preparing to unpack .../420-nginx-common_1.24.0-2ubuntu7.13_all.deb ...
Unpacking nginx-common (1.24.0-2ubuntu7.13) ...
Selecting previously unselected package nginx.
Preparing to unpack .../421-nginx_1.24.0-2ubuntu7.13_amd64.deb ...
Unpacking nginx (1.24.0-2ubuntu7.13) ...
Selecting previously unselected package node-ajv-keywords.
Preparing to unpack .../422-node-ajv-keywords_5.1.0-4_all.deb ...
Unpacking node-ajv-keywords (5.1.0-4) ...
Selecting previously unselected package node-ansi-escapes.
Preparing to unpack .../423-node-ansi-escapes_5.0.0+really.4.3.1-1_all.deb ...
Unpacking node-ansi-escapes (5.0.0+really.4.3.1-1) ...
Selecting previously unselected package node-aproba.
Preparing to unpack .../424-node-aproba_2.0.0-3_all.deb ...
Unpacking node-aproba (2.0.0-3) ...
Selecting previously unselected package node-delegates.
Preparing to unpack .../425-node-delegates_1.0.0-3_all.deb ...
Unpacking node-delegates (1.0.0-3) ...
Selecting previously unselected package node-are-we-there-yet.
Preparing to unpack .../426-node-are-we-there-yet_3.0.1+~1.1.0-1_all.deb ...
Unpacking node-are-we-there-yet (3.0.1+~1.1.0-1) ...
Selecting previously unselected package node-async-each.
Preparing to unpack .../427-node-async-each_1.0.3-3_all.deb ...
Unpacking node-async-each (1.0.3-3) ...
Selecting previously unselected package node-auto-bind.
Preparing to unpack .../428-node-auto-bind_4.0.0-2_all.deb ...
Unpacking node-auto-bind (4.0.0-2) ...
Selecting previously unselected package node-babel-plugin-lodash.
Preparing to unpack .../429-node-babel-plugin-lodash_3.3.4+~cs2.0.1-7_all.deb ...
Unpacking node-babel-plugin-lodash (3.3.4+~cs2.0.1-7) ...
Selecting previously unselected package node-object-visit.
Preparing to unpack .../430-node-object-visit_1.0.1-5_all.deb ...
Unpacking node-object-visit (1.0.1-5) ...
Selecting previously unselected package node-map-visit.
Preparing to unpack .../431-node-map-visit_1.0.0-4_all.deb ...
Unpacking node-map-visit (1.0.0-4) ...
Selecting previously unselected package node-collection-visit.
Preparing to unpack .../432-node-collection-visit_1.0.0-4_all.deb ...
Unpacking node-collection-visit (1.0.0-4) ...
Selecting previously unselected package node-get-value.
Preparing to unpack .../433-node-get-value_1%3a3.0.1-4_all.deb ...
Unpacking node-get-value (1:3.0.1-4) ...
Selecting previously unselected package node-sellside-emitter.
Preparing to unpack .../434-node-sellside-emitter_1.2.1-3_all.deb ...
Unpacking node-sellside-emitter (1.2.1-3) ...
Selecting previously unselected package node-is-primitive.
Preparing to unpack .../435-node-is-primitive_3.0.1-3_all.deb ...
Unpacking node-is-primitive (3.0.1-3) ...
Selecting previously unselected package node-set-value.
Preparing to unpack .../436-node-set-value_4.1.0+~4.0.1-2_all.deb ...
Unpacking node-set-value (4.1.0+~4.0.1-2) ...
Selecting previously unselected package node-union-value.
Preparing to unpack .../437-node-union-value_2.0.1-4_all.deb ...
Unpacking node-union-value (2.0.1-4) ...
Selecting previously unselected package node-has-values.
Preparing to unpack .../438-node-has-values_2.0.1-4_all.deb ...
Unpacking node-has-values (2.0.1-4) ...
Selecting previously unselected package node-has-value.
Preparing to unpack .../439-node-has-value_2.0.2-4_all.deb ...
Unpacking node-has-value (2.0.2-4) ...
Selecting previously unselected package node-unset-value.
Preparing to unpack .../440-node-unset-value_2.0.1-1_all.deb ...
Unpacking node-unset-value (2.0.1-1) ...
Selecting previously unselected package node-cache-base.
Preparing to unpack .../441-node-cache-base_4.0.2-1_all.deb ...
Unpacking node-cache-base (4.0.2-1) ...
Selecting previously unselected package node-mixin-deep.
Preparing to unpack .../442-node-mixin-deep_2.0.1-3_all.deb ...
Unpacking node-mixin-deep (2.0.1-3) ...
Selecting previously unselected package node-pascalcase.
Preparing to unpack .../443-node-pascalcase_1.0.0-1_all.deb ...
Unpacking node-pascalcase (1.0.0-1) ...
Selecting previously unselected package node-base.
Preparing to unpack .../444-node-base_3.0.0-3_all.deb ...
Unpacking node-base (3.0.0-3) ...
Selecting previously unselected package node-base64-js.
Preparing to unpack .../445-node-base64-js_1.5.1+dfsg+~1.3.0-2_all.deb ...
Unpacking node-base64-js (1.5.1+dfsg+~1.3.0-2) ...
Selecting previously unselected package node-binary-extensions.
Preparing to unpack .../446-node-binary-extensions_2.2.0-2_all.deb ...
Unpacking node-binary-extensions (2.2.0-2) ...
Selecting previously unselected package node-builtins.
Preparing to unpack .../447-node-builtins_5.0.1-1_all.deb ...
Unpacking node-builtins (5.0.1-1) ...
Selecting previously unselected package node-chownr.
Preparing to unpack .../448-node-chownr_2.0.0-2_all.deb ...
Unpacking node-chownr (2.0.0-2) ...
Selecting previously unselected package node-iconv-lite.
Preparing to unpack .../449-node-iconv-lite_0.6.3-3_all.deb ...
Unpacking node-iconv-lite (0.6.3-3) ...
Selecting previously unselected package node-encoding.
Preparing to unpack .../450-node-encoding_0.1.13-2_all.deb ...
Unpacking node-encoding (0.1.13-2) ...
Selecting previously unselected package node-jsonparse.
Preparing to unpack .../451-node-jsonparse_1.3.1-10_all.deb ...
Unpacking node-jsonparse (1.3.1-10) ...
Selecting previously unselected package node-minipass.
Preparing to unpack .../452-node-minipass_3.3.6+~cs9.4.19-1_all.deb ...
Unpacking node-minipass (3.3.6+~cs9.4.19-1) ...
Selecting previously unselected package node-iferr.
Preparing to unpack .../453-node-iferr_1.0.2+~1.0.2-1_all.deb ...
Unpacking node-iferr (1.0.2+~1.0.2-1) ...
Selecting previously unselected package node-fs-write-stream-atomic.
Preparing to unpack .../454-node-fs-write-stream-atomic_1.0.10-6_all.deb ...
Unpacking node-fs-write-stream-atomic (1.0.10-6) ...
Selecting previously unselected package node-run-queue.
Preparing to unpack .../455-node-run-queue_2.0.0-3_all.deb ...
Unpacking node-run-queue (2.0.0-3) ...
Selecting previously unselected package node-copy-concurrently.
Preparing to unpack .../456-node-copy-concurrently_1.0.5-9_all.deb ...
Unpacking node-copy-concurrently (1.0.5-9) ...
Selecting previously unselected package node-move-concurrently.
Preparing to unpack .../457-node-move-concurrently_1.0.1-5_all.deb ...
Unpacking node-move-concurrently (1.0.1-5) ...
Selecting previously unselected package node-promise-inflight.
Preparing to unpack .../458-node-promise-inflight_1.0.1+~1.0.0-1_all.deb ...
Unpacking node-promise-inflight (1.0.1+~1.0.0-1) ...
Selecting previously unselected package node-ssri.
Preparing to unpack .../459-node-ssri_9.0.1-2_all.deb ...
Unpacking node-ssri (9.0.1-2) ...
Selecting previously unselected package node-unique-filename.
Preparing to unpack .../460-node-unique-filename_1.1.1+ds-2_all.deb ...
Unpacking node-unique-filename (1.1.1+ds-2) ...
Selecting previously unselected package node-cacache.
Preparing to unpack .../461-node-cacache_17.0.3+~cs10.3.7-1_all.deb ...
Unpacking node-cacache (17.0.3+~cs10.3.7-1) ...
Selecting previously unselected package node-is-binary-path.
Preparing to unpack .../462-node-is-binary-path_2.1.0-5_all.deb ...
Unpacking node-is-binary-path (2.1.0-5) ...
Selecting previously unselected package node-path-is-absolute.
Preparing to unpack .../463-node-path-is-absolute_2.0.0-2_all.deb ...
Unpacking node-path-is-absolute (2.0.0-2) ...
Selecting previously unselected package node-set-immediate-shim.
Preparing to unpack .../464-node-set-immediate-shim_2.0.0-2_all.deb ...
Unpacking node-set-immediate-shim (2.0.0-2) ...
Selecting previously unselected package node-readdirp.
Preparing to unpack .../465-node-readdirp_3.6.0-1_all.deb ...
Unpacking node-readdirp (3.6.0-1) ...
Selecting previously unselected package node-chokidar.
Preparing to unpack .../466-node-chokidar_3.6.0-2_all.deb ...
Unpacking node-chokidar (3.6.0-2) ...
Selecting previously unselected package node-tslib.
Preparing to unpack .../467-node-tslib_2.4.1-1_all.deb ...
Unpacking node-tslib (2.4.1-1) ...
Selecting previously unselected package node-chrome-trace-event.
Preparing to unpack .../468-node-chrome-trace-event_1.0.3-2_all.deb ...
Unpacking node-chrome-trace-event (1.0.3-2) ...
Selecting previously unselected package node-ci-info.
Preparing to unpack .../469-node-ci-info_4.0.0+~cs1.1.0-1build2_all.deb ...
Unpacking node-ci-info (4.0.0+~cs1.1.0-1build2) ...
Selecting previously unselected package node-cli-boxes.
Preparing to unpack .../470-node-cli-boxes_3.0.0-1build2_all.deb ...
Unpacking node-cli-boxes (3.0.0-1build2) ...
Selecting previously unselected package node-restore-cursor.
Preparing to unpack .../471-node-restore-cursor_4.0.0-4_all.deb ...
Unpacking node-restore-cursor (4.0.0-4) ...
Selecting previously unselected package node-cli-cursor.
Preparing to unpack .../472-node-cli-cursor_4.0.0-3_all.deb ...
Unpacking node-cli-cursor (4.0.0-3) ...
Selecting previously unselected package node-cli-truncate.
Preparing to unpack .../473-node-cli-truncate_2.1.0-5_all.deb ...
Unpacking node-cli-truncate (2.1.0-5) ...
Selecting previously unselected package node-colors.
Preparing to unpack .../474-node-colors_1.4.0-4_all.deb ...
Unpacking node-colors (1.4.0-4) ...
Selecting previously unselected package node-columnify.
Preparing to unpack .../475-node-columnify_1.6.0+~1.5.1-1_all.deb ...
Unpacking node-columnify (1.6.0+~1.5.1-1) ...
Selecting previously unselected package node-console-control-strings.
Preparing to unpack .../476-node-console-control-strings_1.1.0-3_all.deb ...
Unpacking node-console-control-strings (1.1.0-3) ...
Selecting previously unselected package node-growl.
Preparing to unpack .../477-node-growl_1.10.5-4_all.deb ...
Unpacking node-growl (1.10.5-4) ...
Selecting previously unselected package node-lcov-parse.
Preparing to unpack .../478-node-lcov-parse_1.0.0+20170612git80d039574ed9-6_all.deb ...
Unpacking node-lcov-parse (1.0.0+20170612git80d039574ed9-6) ...
Selecting previously unselected package node-log-driver.
Preparing to unpack .../479-node-log-driver_1.2.7+git+20180219+bba1761737-7_all.deb ...
Unpacking node-log-driver (1.2.7+git+20180219+bba1761737-7) ...
Selecting previously unselected package node-data-uri-to-buffer.
Preparing to unpack .../480-node-data-uri-to-buffer_5.0.1~0~2023071921-5_all.deb ...
Unpacking node-data-uri-to-buffer (5.0.1~0~2023071921-5) ...
Selecting previously unselected package node-fetch.
Preparing to unpack .../481-node-fetch_3.3.2+~cs11.4.11-1_all.deb ...
Unpacking node-fetch (3.3.2+~cs11.4.11-1) ...
Selecting previously unselected package node-coveralls.
Preparing to unpack .../482-node-coveralls_3.1.1-2build1_all.deb ...
Unpacking node-coveralls (3.1.1-2build1) ...
Selecting previously unselected package node-css-selector-tokenizer.
Preparing to unpack .../483-node-css-selector-tokenizer_0.8.0+~cs4.8.3-1_all.deb ...
Unpacking node-css-selector-tokenizer (0.8.0+~cs4.8.3-1) ...
Selecting previously unselected package node-postcss.
Preparing to unpack .../484-node-postcss_8.4.31+~cs8.0.26-1_all.deb ...
Unpacking node-postcss (8.4.31+~cs8.0.26-1) ...
Selecting previously unselected package node-icss-utils.
Preparing to unpack .../485-node-icss-utils_5.1.0+~5.1.0-1_all.deb ...
Unpacking node-icss-utils (5.1.0+~5.1.0-1) ...
Selecting previously unselected package node-postcss-modules-extract-imports.
Preparing to unpack .../486-node-postcss-modules-extract-imports_3.0.0-2_all.deb ...
Unpacking node-postcss-modules-extract-imports (3.0.0-2) ...
Selecting previously unselected package node-postcss-modules-values.
Preparing to unpack .../487-node-postcss-modules-values_4.0.0+~4.0.0-1_all.deb ...
Unpacking node-postcss-modules-values (4.0.0+~4.0.0-1) ...
Selecting previously unselected package node-postcss-value-parser.
Preparing to unpack .../488-node-postcss-value-parser_4.2.0-1_all.deb ...
Unpacking node-postcss-value-parser (4.2.0-1) ...
Selecting previously unselected package node-prr.
Preparing to unpack .../489-node-prr_1.0.1-3_all.deb ...
Unpacking node-prr (1.0.1-3) ...
Selecting previously unselected package node-errno.
Preparing to unpack .../490-node-errno_1.0.0-3_all.deb ...
Unpacking node-errno (1.0.0-3) ...
Selecting previously unselected package node-memory-fs.
Preparing to unpack .../491-node-memory-fs_0.5.0+~0.3.3-2_all.deb ...
Unpacking node-memory-fs (0.5.0+~0.3.3-2) ...
Selecting previously unselected package node-tapable.
Preparing to unpack .../492-node-tapable_2.2.1-3_all.deb ...
Unpacking node-tapable (2.2.1-3) ...
Selecting previously unselected package node-enhanced-resolve.
Preparing to unpack .../493-node-enhanced-resolve_5.15.0-1_all.deb ...
Unpacking node-enhanced-resolve (5.15.0-1) ...
Selecting previously unselected package node-es-module-lexer.
Preparing to unpack .../494-node-es-module-lexer_1.1.0+dfsg-3_all.deb ...
Unpacking node-es-module-lexer (1.1.0+dfsg-3) ...
Selecting previously unselected package node-events.
Preparing to unpack .../495-node-events_3.3.0+~3.0.0-3_all.deb ...
Unpacking node-events (3.3.0+~3.0.0-3) ...
Selecting previously unselected package node-resolve-cwd.
Preparing to unpack .../496-node-resolve-cwd_3.0.0-2_all.deb ...
Unpacking node-resolve-cwd (3.0.0-2) ...
Selecting previously unselected package node-jest-debbundle.
Preparing to unpack .../497-node-jest-debbundle_29.6.2~ds1+~cs73.45.28-5_all.deb ...
Unpacking node-jest-debbundle (29.6.2~ds1+~cs73.45.28-5) ...
Selecting previously unselected package node-interpret.
Preparing to unpack .../498-node-interpret_2.2.0-3_all.deb ...
Unpacking node-interpret (2.2.0-3) ...
Selecting previously unselected package node-merge-stream.
Preparing to unpack .../499-node-merge-stream_2.0.0+~1.1.2-2_all.deb ...
Unpacking node-merge-stream (2.0.0+~1.1.2-2) ...
Selecting previously unselected package node-jest-worker.
Preparing to unpack .../500-node-jest-worker_29.6.2~ds1+~cs73.45.28-5_all.deb ...
Unpacking node-jest-worker (29.6.2~ds1+~cs73.45.28-5) ...
Selecting previously unselected package node-loader-runner.
Preparing to unpack .../501-node-loader-runner_4.3.0-1_all.deb ...
Unpacking node-loader-runner (4.3.0-1) ...
Selecting previously unselected package node-mime.
Preparing to unpack .../502-node-mime_3.0.0+dfsg+~cs6.97.2-1_all.deb ...
Unpacking node-mime (3.0.0+dfsg+~cs6.97.2-1) ...
Selecting previously unselected package node-mime-types.
Preparing to unpack .../503-node-mime-types_2.1.35-2_all.deb ...
Unpacking node-mime-types (2.1.35-2) ...
Selecting previously unselected package node-rechoir.
Preparing to unpack .../504-node-rechoir_0.8.0+~0.6.1-2_all.deb ...
Unpacking node-rechoir (0.8.0+~0.6.1-2) ...
Selecting previously unselected package node-schema-utils.
Preparing to unpack .../505-node-schema-utils_4.2.0~ds-3build3_all.deb ...
Unpacking node-schema-utils (4.2.0~ds-3build3) ...
Selecting previously unselected package node-randombytes.
Preparing to unpack .../506-node-randombytes_2.1.0+~2.0.0-2_all.deb ...
Unpacking node-randombytes (2.1.0+~2.0.0-2) ...
Selecting previously unselected package node-serialize-javascript.
Preparing to unpack .../507-node-serialize-javascript_6.0.1-1_all.deb ...
Unpacking node-serialize-javascript (6.0.1-1) ...
Selecting previously unselected package node-watchpack.
Preparing to unpack .../508-node-watchpack_2.4.0+~cs2.8.1-1_all.deb ...
Unpacking node-watchpack (2.4.0+~cs2.8.1-1) ...
Selecting previously unselected package node-webassemblyjs.
Preparing to unpack .../509-node-webassemblyjs_1.11.4+dfsg+~cs10.11.17-2_all.deb ...
Unpacking node-webassemblyjs (1.11.4+dfsg+~cs10.11.17-2) ...
Selecting previously unselected package node-source-list-map.
Preparing to unpack .../510-node-source-list-map_2.0.1+dfsg+~0.1.2-1_all.deb ...
Unpacking node-source-list-map (2.0.1+dfsg+~0.1.2-1) ...
Selecting previously unselected package node-webpack-sources.
Preparing to unpack .../511-node-webpack-sources_3.2.3+~3.2.0-2_all.deb ...
Unpacking node-webpack-sources (3.2.3+~3.2.0-2) ...
Selecting previously unselected package node-terser.
Preparing to unpack .../512-node-terser_5.19.2-1_all.deb ...
Unpacking node-terser (5.19.2-1) ...
Selecting previously unselected package terser.
Preparing to unpack .../513-terser_5.19.2-1_all.deb ...
Unpacking terser (5.19.2-1) ...
Selecting previously unselected package webpack.
Preparing to unpack .../514-webpack_5.76.1+dfsg1+~cs17.16.16-1_all.deb ...
Unpacking webpack (5.76.1+dfsg1+~cs17.16.16-1) ...
Selecting previously unselected package node-css-loader.
Preparing to unpack .../515-node-css-loader_6.8.1+~cs14.0.17-1_all.deb ...
Unpacking node-css-loader (6.8.1+~cs14.0.17-1) ...
Selecting previously unselected package node-mimic-response.
Preparing to unpack .../516-node-mimic-response_3.1.0-8_all.deb ...
Unpacking node-mimic-response (3.1.0-8) ...
Selecting previously unselected package node-decompress-response.
Preparing to unpack .../517-node-decompress-response_6.0.0-2_all.deb ...
Unpacking node-decompress-response (6.0.0-2) ...
Selecting previously unselected package node-diff.
Preparing to unpack .../518-node-diff_5.0.0~dfsg+~5.0.1-4_all.deb ...
Unpacking node-diff (5.0.0~dfsg+~5.0.1-4) ...
Selecting previously unselected package node-err-code.
Preparing to unpack .../519-node-err-code_2.0.3+dfsg-3_all.deb ...
Unpacking node-err-code (2.0.3+dfsg-3) ...
Selecting previously unselected package node-time-stamp.
Preparing to unpack .../520-node-time-stamp_2.2.0-2_all.deb ...
Unpacking node-time-stamp (2.2.0-2) ...
Selecting previously unselected package node-fancy-log.
Preparing to unpack .../521-node-fancy-log_1.3.3+~cs1.3.1-2_all.deb ...
Unpacking node-fancy-log (1.3.3+~cs1.3.1-2) ...
Selecting previously unselected package node-has-unicode.
Preparing to unpack .../522-node-has-unicode_2.0.1-5_all.deb ...
Unpacking node-has-unicode (2.0.1-5) ...
Selecting previously unselected package node-wide-align.
Preparing to unpack .../523-node-wide-align_1.1.3-4_all.deb ...
Unpacking node-wide-align (1.1.3-4) ...
Selecting previously unselected package node-gauge.
Preparing to unpack .../524-node-gauge_4.0.4-2_all.deb ...
Unpacking node-gauge (4.0.4-2) ...
Selecting previously unselected package node-end-of-stream.
Preparing to unpack .../525-node-end-of-stream_1.4.4+~1.4.1-1_all.deb ...
Unpacking node-end-of-stream (1.4.4+~1.4.1-1) ...
Selecting previously unselected package node-pump.
Preparing to unpack .../526-node-pump_3.0.0-5_all.deb ...
Unpacking node-pump (3.0.0-5) ...
Selecting previously unselected package node-get-stream.
Preparing to unpack .../527-node-get-stream_6.0.1-1_all.deb ...
Unpacking node-get-stream (6.0.1-1) ...
Selecting previously unselected package node-lowercase-keys.
Preparing to unpack .../528-node-lowercase-keys_2.0.0-2_all.deb ...
Unpacking node-lowercase-keys (2.0.0-2) ...
Selecting previously unselected package node-json-buffer.
Preparing to unpack .../529-node-json-buffer_3.0.1+~3.0.0-1_all.deb ...
Unpacking node-json-buffer (3.0.1+~3.0.0-1) ...
Selecting previously unselected package node-p-cancelable.
Preparing to unpack .../530-node-p-cancelable_2.1.1-1_all.deb ...
Unpacking node-p-cancelable (2.1.1-1) ...
Selecting previously unselected package node-got.
Preparing to unpack .../531-node-got_11.8.5+~cs58.13.36-3_all.deb ...
Unpacking node-got (11.8.5+~cs58.13.36-3) ...
Selecting previously unselected package node-http-proxy-agent.
Preparing to unpack .../532-node-http-proxy-agent_7.0.0~0~2023071921-5_all.deb ...
Unpacking node-http-proxy-agent (7.0.0~0~2023071921-5) ...
Selecting previously unselected package node-ieee754.
Preparing to unpack .../533-node-ieee754_1.2.1-3_all.deb ...
Unpacking node-ieee754 (1.2.1-3) ...
Selecting previously unselected package node-ip.
Preparing to unpack .../534-node-ip_2.0.0+~1.1.0-1ubuntu1_all.deb ...
Unpacking node-ip (2.0.0+~1.1.0-1ubuntu1) ...
Selecting previously unselected package node-ip-regex.
Preparing to unpack .../535-node-ip-regex_4.3.0+~4.1.1-1_all.deb ...
Unpacking node-ip-regex (4.3.0+~4.1.1-1) ...
Selecting previously unselected package node-read-package-json.
Preparing to unpack .../536-node-read-package-json_5.0.2+~2.0.0-1_all.deb ...
Unpacking node-read-package-json (5.0.2+~2.0.0-1) ...
Selecting previously unselected package node-npm-bundled.
Preparing to unpack .../537-node-npm-bundled_2.0.1-2_all.deb ...
Unpacking node-npm-bundled (2.0.1-2) ...
Selecting previously unselected package node-osenv.
Preparing to unpack .../538-node-osenv_0.1.5+~0.1.1-1_all.deb ...
Unpacking node-osenv (0.1.5+~0.1.1-1) ...
Selecting previously unselected package node-validate-npm-package-name.
Preparing to unpack .../539-node-validate-npm-package-name_5.0.0+~4.0.0-1_all.deb ...
Unpacking node-validate-npm-package-name (5.0.0+~4.0.0-1) ...
Selecting previously unselected package node-npm-package-arg.
Preparing to unpack .../540-node-npm-package-arg_10.0.0+~3.0.0-2_all.deb ...
Unpacking node-npm-package-arg (10.0.0+~3.0.0-2) ...
Selecting previously unselected package node-opener.
Preparing to unpack .../541-node-opener_1.5.2+~1.4.0-1_all.deb ...
Unpacking node-opener (1.5.2+~1.4.0-1) ...
Selecting previously unselected package node-retry.
Preparing to unpack .../542-node-retry_0.13.1+~0.12.1-1_all.deb ...
Unpacking node-retry (0.13.1+~0.12.1-1) ...
Selecting previously unselected package node-promise-retry.
Preparing to unpack .../543-node-promise-retry_2.0.1-4_all.deb ...
Unpacking node-promise-retry (2.0.1-4) ...
Selecting previously unselected package node-promzard.
Preparing to unpack .../544-node-promzard_0.3.0-2_all.deb ...
Unpacking node-promzard (0.3.0-2) ...
Selecting previously unselected package node-re2:amd64.
Preparing to unpack .../545-node-re2_1.20.10+~cs2.13.13-1_amd64.deb ...
Unpacking node-re2:amd64 (1.20.10+~cs2.13.13-1) ...
Selecting previously unselected package node-require-from-string.
Preparing to unpack .../546-node-require-from-string_2.0.2+~1.2.1-1_all.deb ...
Unpacking node-require-from-string (2.0.2+~1.2.1-1) ...
Selecting previously unselected package node-set-blocking.
Preparing to unpack .../547-node-set-blocking_2.0.0-2_all.deb ...
Unpacking node-set-blocking (2.0.0-2) ...
Selecting previously unselected package node-shell-quote.
Preparing to unpack .../548-node-shell-quote_1.7.4+~1.7.1-1ubuntu0.24.04.1_all.deb ...
Unpacking node-shell-quote (1.7.4+~1.7.1-1ubuntu0.24.04.1) ...
Selecting previously unselected package node-stack-utils.
Preparing to unpack .../549-node-stack-utils_2.0.6+~2.0.1-1_all.deb ...
Unpacking node-stack-utils (2.0.6+~2.0.1-1) ...
Selecting previously unselected package node-yaml.
Preparing to unpack .../550-node-yaml_2.3.4-1build1_all.deb ...
Unpacking node-yaml (2.3.4-1build1) ...
Selecting previously unselected package node-tap-parser.
Preparing to unpack .../551-node-tap-parser_11.0.2+~cs2.1.4-1_all.deb ...
Unpacking node-tap-parser (11.0.2+~cs2.1.4-1) ...
Selecting previously unselected package node-tap-mocha-reporter.
Preparing to unpack .../552-node-tap-mocha-reporter_5.0.3+~2.0.2-2_all.deb ...
Unpacking node-tap-mocha-reporter (5.0.3+~2.0.2-2) ...
Selecting previously unselected package node-text-table.
Preparing to unpack .../553-node-text-table_0.2.0-4_all.deb ...
Unpacking node-text-table (0.2.0-4) ...
Selecting previously unselected package node-widest-line.
Preparing to unpack .../554-node-widest-line_3.1.0-2_all.deb ...
Unpacking node-widest-line (3.1.0-2) ...
Selecting previously unselected package ocaml-man.
Preparing to unpack .../555-ocaml-man_4.14.1-1ubuntu1_all.deb ...
Unpacking ocaml-man (4.14.1-1ubuntu1) ...
Selecting previously unselected package primer3.
Preparing to unpack .../556-primer3_2.6.1-4_amd64.deb ...
Unpacking primer3 (2.6.1-4) ...
Selecting previously unselected package python3-spf.
Preparing to unpack .../557-python3-spf_2.0.14-3_all.deb ...
Unpacking python3-spf (2.0.14-3) ...
Selecting previously unselected package python3-sqlalchemy-ext:amd64.
Preparing to unpack .../558-python3-sqlalchemy-ext_1.4.50+ds1-1build1_amd64.deb ...
Unpacking python3-sqlalchemy-ext:amd64 (1.4.50+ds1-1build1) ...
Selecting previously unselected package r-base-core.
Preparing to unpack .../559-r-base-core_4.3.3-2build2_amd64.deb ...
Unpacking r-base-core (4.3.3-2build2) ...
Selecting previously unselected package r-cran-boot.
Preparing to unpack .../560-r-cran-boot_1.3-30-1_all.deb ...
Unpacking r-cran-boot (1.3-30-1) ...
Selecting previously unselected package r-cran-cluster.
Preparing to unpack .../561-r-cran-cluster_2.1.6-1build1_amd64.deb ...
Unpacking r-cran-cluster (2.1.6-1build1) ...
Selecting previously unselected package r-cran-foreign.
Preparing to unpack .../562-r-cran-foreign_0.8.86-1build1_amd64.deb ...
Unpacking r-cran-foreign (0.8.86-1build1) ...
Selecting previously unselected package r-cran-mass.
Preparing to unpack .../563-r-cran-mass_7.3-60.0.1-1_amd64.deb ...
Unpacking r-cran-mass (7.3-60.0.1-1) ...
Selecting previously unselected package r-cran-kernsmooth.
Preparing to unpack .../564-r-cran-kernsmooth_2.23-22-1build1_amd64.deb ...
Unpacking r-cran-kernsmooth (2.23-22-1build1) ...
Selecting previously unselected package r-cran-lattice.
Preparing to unpack .../565-r-cran-lattice_0.22-5-1build1_amd64.deb ...
Unpacking r-cran-lattice (0.22-5-1build1) ...
Selecting previously unselected package r-cran-nlme.
Preparing to unpack .../566-r-cran-nlme_3.1.164-1build1_amd64.deb ...
Unpacking r-cran-nlme (3.1.164-1build1) ...
Selecting previously unselected package r-cran-matrix.
Preparing to unpack .../567-r-cran-matrix_1.6-5-1_amd64.deb ...
Unpacking r-cran-matrix (1.6-5-1) ...
Selecting previously unselected package r-cran-mgcv.
Preparing to unpack .../568-r-cran-mgcv_1.9-1-1_amd64.deb ...
Unpacking r-cran-mgcv (1.9-1-1) ...
Selecting previously unselected package r-cran-survival.
Preparing to unpack .../569-r-cran-survival_3.5-8-1_amd64.deb ...
Unpacking r-cran-survival (3.5-8-1) ...
Selecting previously unselected package r-cran-rpart.
Preparing to unpack .../570-r-cran-rpart_4.1.23-1build1_amd64.deb ...
Unpacking r-cran-rpart (4.1.23-1build1) ...
Selecting previously unselected package r-cran-class.
Preparing to unpack .../571-r-cran-class_7.3-22-2build1_amd64.deb ...
Unpacking r-cran-class (7.3-22-2build1) ...
Selecting previously unselected package r-cran-nnet.
Preparing to unpack .../572-r-cran-nnet_7.3-19-2build1_amd64.deb ...
Unpacking r-cran-nnet (7.3-19-2build1) ...
Selecting previously unselected package r-cran-spatial.
Preparing to unpack .../573-r-cran-spatial_7.3-17-1build1_amd64.deb ...
Unpacking r-cran-spatial (7.3-17-1build1) ...
Selecting previously unselected package r-cran-codetools.
Preparing to unpack .../574-r-cran-codetools_0.2-19-1_all.deb ...
Unpacking r-cran-codetools (0.2-19-1) ...
Selecting previously unselected package r-recommended.
Preparing to unpack .../575-r-recommended_4.3.3-2build2_all.deb ...
Unpacking r-recommended (4.3.3-2build2) ...
Selecting previously unselected package r-base.
Preparing to unpack .../576-r-base_4.3.3-2build2_all.deb ...
Unpacking r-base (4.3.3-2build2) ...
Selecting previously unselected package r-base-dev.
Preparing to unpack .../577-r-base-dev_4.3.3-2build2_all.deb ...
Unpacking r-base-dev (4.3.3-2build2) ...
Selecting previously unselected package r-doc-html.
Preparing to unpack .../578-r-doc-html_4.3.3-2build2_all.deb ...
Unpacking r-doc-html (4.3.3-2build2) ...
Selecting previously unselected package screen.
Preparing to unpack .../579-screen_4.9.1-1ubuntu1_amd64.deb ...
Unpacking screen (4.9.1-1ubuntu1) ...
Selecting previously unselected package sleuthkit.
Preparing to unpack .../580-sleuthkit_4.12.1+dfsg-1.1ubuntu2_amd64.deb ...
Unpacking sleuthkit (4.12.1+dfsg-1.1ubuntu2) ...
Selecting previously unselected package t1utils.
Preparing to unpack .../581-t1utils_1.41-4build3_amd64.deb ...
Unpacking t1utils (1.41-4build3) ...
Selecting previously unselected package texlive-binaries.
Preparing to unpack .../582-texlive-binaries_2023.20230311.66589-9build3_amd64.deb ...
Unpacking texlive-binaries (2023.20230311.66589-9build3) ...
Selecting previously unselected package texlive-base.
Preparing to unpack .../583-texlive-base_2023.20240207-1_all.deb ...
Unpacking texlive-base (2023.20240207-1) ...
Selecting previously unselected package texlive-latex-base.
Preparing to unpack .../584-texlive-latex-base_2023.20240207-1_all.deb ...
Unpacking texlive-latex-base (2023.20240207-1) ...
Selecting previously unselected package i965-va-driver:amd64.
Preparing to unpack .../585-i965-va-driver_2.4.1+dfsg1-1ubuntu0.2_amd64.deb ...
Unpacking i965-va-driver:amd64 (2.4.1+dfsg1-1ubuntu0.2) ...
Selecting previously unselected package va-driver-all:amd64.
Preparing to unpack .../586-va-driver-all_2.20.0-2ubuntu0.2_amd64.deb ...
Unpacking va-driver-all:amd64 (2.20.0-2ubuntu0.2) ...
Selecting previously unselected package vdpau-driver-all:amd64.
Preparing to unpack .../587-vdpau-driver-all_1.5-2build1_amd64.deb ...
Unpacking vdpau-driver-all:amd64 (1.5-2build1) ...
Selecting previously unselected package libstd-rust-dev:amd64.
Preparing to unpack .../588-libstd-rust-dev_1.75.0+dfsg0ubuntu1-0ubuntu7.4_amd64.deb ...
Unpacking libstd-rust-dev:amd64 (1.75.0+dfsg0ubuntu1-0ubuntu7.4) ...
Selecting previously unselected package node-cli-table.
Preparing to unpack .../589-node-cli-table_0.3.11+~cs0.13.4-3_all.deb ...
Unpacking node-cli-table (0.3.11+~cs0.13.4-3) ...
Selecting previously unselected package node-depd.
Preparing to unpack .../590-node-depd_2.0.0-2_all.deb ...
Unpacking node-depd (2.0.0-2) ...
Selecting previously unselected package node-npmlog.
Preparing to unpack .../591-node-npmlog_7.0.1+~4.1.4-1_all.deb ...
Unpacking node-npmlog (7.0.1+~4.1.4-1) ...
Selecting previously unselected package node-tar.
Preparing to unpack .../592-node-tar_6.1.13+~cs7.0.5-3_all.deb ...
Unpacking node-tar (6.1.13+~cs7.0.5-3) ...
Selecting previously unselected package node-gyp.
Preparing to unpack .../593-node-gyp_9.3.0-3_all.deb ...
Unpacking node-gyp (9.3.0-3) ...
Selecting previously unselected package node-ini.
Preparing to unpack .../594-node-ini_3.0.1-2_all.deb ...
Unpacking node-ini (3.0.1-2) ...
Selecting previously unselected package node-negotiator.
Preparing to unpack .../595-node-negotiator_0.6.3+~0.6.1-1_all.deb ...
Unpacking node-negotiator (0.6.3+~0.6.1-1) ...
Selecting previously unselected package node-tap.
Preparing to unpack .../596-node-tap_16.3.7+ds1+~cs50.9.19-4_all.deb ...
Unpacking node-tap (16.3.7+ds1+~cs50.9.19-4) ...
Selecting previously unselected package npm.
Preparing to unpack .../597-npm_9.2.0~ds1-2_all.deb ...
Unpacking npm (9.2.0~ds1-2) ...
Selecting previously unselected package pocketsphinx-en-us.
Preparing to unpack .../598-pocketsphinx-en-us_0.8.0+real5prealpha+1-15ubuntu5_all.deb ...
Unpacking pocketsphinx-en-us (0.8.0+real5prealpha+1-15ubuntu5) ...
Selecting previously unselected package r-base-html.
Preparing to unpack .../599-r-base-html_4.3.3-2build2_all.deb ...
Unpacking r-base-html (4.3.3-2build2) ...
Selecting previously unselected package rustc.
Preparing to unpack .../600-rustc_1.75.0+dfsg0ubuntu1-0ubuntu7.4_amd64.deb ...
Unpacking rustc (1.75.0+dfsg0ubuntu1-0ubuntu7.4) ...
Selecting previously unselected package ssh-import-id.
Preparing to unpack .../601-ssh-import-id_5.11-0ubuntu2.24.04.1_all.deb ...
Unpacking ssh-import-id (5.11-0ubuntu2.24.04.1) ...
Setting up libgme0:amd64 (0.6.3-7build1) ...
Setting up libchromaprint1:amd64 (1.5.1-5) ...
Setting up libssh-gcrypt-4:amd64 (0.10.6-2ubuntu0.4) ...
Setting up libhwy1t64:amd64 (1.0.7-8.1build1) ...
Setting up foremost (1.5.7-11) ...
Setting up libuv1-dev:amd64 (1.48.0-1.1build1) ...
Setting up node-colors (1.4.0-4) ...
Setting up node-is-primitive (3.0.1-3) ...
Setting up node-log-driver (1.2.7+git+20180219+bba1761737-7) ...
Setting up node-fs.realpath (1.0.0-3) ...
Setting up libudfread0:amd64 (1.1.2-1build1) ...
Setting up libnorm1t64:amd64 (1.5.9+dfsg-3.1build1) ...
Setting up node-ampproject-remapping (2.2.0+~cs5.15.37-1) ...
Setting up node-diff (5.0.0~dfsg+~5.0.1-4) ...
Setting up openssh-sftp-server (1:9.6p1-3ubuntu13.16) ...
Setting up node-object-assign (4.1.1-7) ...
Setting up node-v8-compile-cache (2.4.0-2) ...
Setting up librabbitmq4:amd64 (0.11.0-1ubuntu0.1) ...
Setting up node-for-in (1.0.2-4) ...
Setting up node-abbrev (1.1.1+~1.1.2-1) ...
Setting up node-path-is-inside (1.0.2+~1.0.0-1) ...
Setting up libjs-sprintf-js (1.1.2+ds1+~1.1.2-1) ...
Setting up node-pify (5.0.0+~cs5.0.1-1) ...
Setting up node-p-limit (4.0.0+~cs4.0.0-5) ...
Setting up node-yallist (4.0.0+~4.0.1-1) ...
Setting up libjs-inherits (2.0.4-6) ...
Setting up libshine3:amd64 (3.1.1-2build1) ...
Setting up node-p-cancelable (2.1.1-1) ...
Setting up node-is-windows (1.0.2+~cs1.0.0-1) ...
Setting up libvpl2 (2023.3.0-1build1) ...
Setting up node-ansi-regex (5.0.1-1) ...
Setting up r-doc-html (4.3.3-2build2) ...
Setting up node-yaml (2.3.4-1build1) ...
Setting up libx264-164:amd64 (2:0.164.3108+git31e19f9-1) ...
Setting up node-strip-json-comments (4.0.0-4) ...
Setting up openssh-server (1:9.6p1-3ubuntu13.16) ...

Creating config file /etc/ssh/sshd_config with new version
Creating SSH2 RSA key; this may take some time ...
3072 SHA256:bb6kGiaSruBLUfVQ6U8fe4FdpLG/nety9aMUSEuyQJQ root@yoo-dev (RSA)
Creating SSH2 ECDSA key; this may take some time ...
256 SHA256:rHMxH7p/H8vH5m7BLcX8FVATZZSgzNxPq8WCFbAj6Hw root@yoo-dev (ECDSA)
Creating SSH2 ED25519 key; this may take some time ...
256 SHA256:ckEoI9NfiI8lNI26IQWp8VbHNwSZVTZGvfBfkaoQJ+0 root@yoo-dev (ED25519)
Created symlink /etc/systemd/system/sockets.target.wants/ssh.socket → /usr/lib/systemd/system/ssh.socket.
Created symlink /etc/systemd/system/ssh.service.requires/ssh.socket → /usr/lib/systemd/system/ssh.socket.
Setting up libmbedcrypto7t64:amd64 (2.28.8-1) ...
Setting up node-loader-runner (4.3.0-1) ...
Setting up node-object-inspect (1.12.2+~cs1.8.1-1) ...
Setting up libwoff1:amd64 (1.0.2-2build1) ...
Setting up libnode-dev (18.19.1+dfsg-6ubuntu5) ...
Setting up node-slash (4.0.0-3) ...
Setting up python3-passlib (1.7.4-4) ...
Setting up libmujs3:amd64 (1.3.3-3build2) ...
Setting up node-util-deprecate (1.0.2-3) ...
Setting up node-ieee754 (1.2.1-3) ...
Setting up node-fs-readdir-recursive (1.1.0+~1.1.0-1) ...
Setting up node-v8flags (3.2.0+~3.1.1-1) ...
Setting up node-retry (0.13.1+~0.12.1-1) ...
Setting up libgsm1:amd64 (1.0.22-1build1) ...
Setting up node-get-caller-file (2.0.5+~cs1.1.1-4) ...
Setting up guile-3.0-libs:amd64 (3.0.9-1build2) ...
Setting up node-arrify (2.0.1-3) ...
Setting up python3-public (4.0-2) ...
Setting up python3-zope.event (5.0-0.1) ...
Setting up libsoxr0:amd64 (0.1.3-4build3) ...
Setting up libzix-0-0:amd64 (0.4.2-2build1) ...
Setting up libvhdi1:amd64 (20210425-1build5) ...
Setting up python3-lazr.delegates (2.1.0-1) ...
Setting up node-eslint-visitor-keys (3.3.0+~1.0.0-1) ...
Setting up node-caniuse-lite (1.0.30001571+dfsg+~1.0.5-1) ...
Setting up node-isobject (4.0.0-2) ...
Setting up node-get-value (1:3.0.1-4) ...
Setting up ssh-import-id (5.11-0ubuntu2.24.04.1) ...
Setting up node-delegates (1.0.0-3) ...
Setting up libcodec2-1.2:amd64 (1.2.0-2build1) ...
Setting up python3-authres (1.2.0-3) ...
Setting up node-depd (2.0.0-2) ...
Setting up node-isexe (2.0.0+~2.0.1-5) ...
Setting up node-resolve (1.22.8+~cs5.34.15-2) ...
Setting up node-jsonparse (1.3.1-10) ...
Setting up node-core-js-pure (3.33.2-1build2) ...
Setting up node-es-module-lexer (1.1.0+dfsg-3) ...
Setting up node-path-exists (5.0.0-8) ...
Setting up node-unicode-match-property-value-ecmascript (2.1.0+ds-1) ...
Setting up node-escape-string-regexp (4.0.0-2) ...
Setting up node-through (2.3.8+~cs0.0.30-1) ...
Setting up libmysofa1:amd64 (1.3.2+dfsg-2ubuntu2) ...
Setting up node-jsesc (3.0.2+~3.0.1-1) ...
Setting up node-regjsparser (0.9.1+ds-2) ...
Setting up node-http-proxy-agent (7.0.0~0~2023071921-5) ...
Setting up binutils-common:amd64 (2.42-4ubuntu2.10) ...
Setting up libjs-source-map (0.7.0++dfsg2+really.0.6.1-15) ...
Setting up node-p-locate (6.0.0-12) ...
Setting up node-negotiator (0.6.3+~0.6.1-1) ...
Setting up node-tslib (2.4.1-1) ...
Setting up tcl-expect:amd64 (5.45.4-3) ...
Setting up node-strip-bom (4.0.0-2) ...
Setting up libcdio19t64:amd64 (2.1.0-4.1ubuntu1.2) ...
Setting up node-decamelize (4.0.0-2) ...
Setting up python3-rapidjson (1.4-2build5) ...
Setting up node-stack-utils (2.0.6+~2.0.1-1) ...
Setting up node-normalize-path (3.0.0+~3.0.0-1) ...
Setting up libctf-nobfd0:amd64 (2.42-4ubuntu2.10) ...
Setting up node-ci-info (4.0.0+~cs1.1.0-1build2) ...
Setting up nginx-common (1.24.0-2ubuntu7.13) ...
Created symlink /etc/systemd/system/multi-user.target.wants/nginx.service → /usr/lib/systemd/system/nginx.service.
Setting up node-color-name (1.1.4+~1.1.1-2) ...
Setting up node-chrome-trace-event (1.0.3-2) ...
Setting up screen (4.9.1-1ubuntu1) ...
Setting up node-json-buffer (3.0.1+~3.0.0-1) ...
Setting up node-electron-to-chromium (1.4.616-1) ...
Setting up node-console-control-strings (1.1.0-3) ...
Setting up node-functional-red-black-tree (1.0.1+20181105-7) ...
Setting up node-source-list-map (2.0.1+dfsg+~0.1.2-1) ...
Setting up libsvtav1enc1d1:amd64 (1.7.0+dfsg-2build1) ...
Setting up dbconfig-common (2.0.24) ...

Creating config file /etc/dbconfig-common/config with new version
Setting up node-camelcase (7.0.0-3) ...
Setting up node-resumer (0.0.0-6) ...
Setting up node-uuid (8.3.2+~8.3.3-4) ...
Setting up libigdgmm12:amd64 (22.3.17+ds1-1ubuntu1) ...
Setting up libreadline-dev:amd64 (8.2-4build1) ...
Setting up node-pascalcase (1.0.0-1) ...
Setting up libcjson1:amd64 (1.7.17-1) ...
Setting up libxvidcore4:amd64 (2:1.3.7-1build1) ...
Setting up node-auto-bind (4.0.0-2) ...
Setting up node-terser (5.19.2-1) ...
Setting up node-path-type (4.0.0-3) ...
Setting up node-indent-string (4.0.0-2) ...
Setting up node-yargs-parser (21.1.1+~21.0.0-4) ...
Setting up librav1e0:amd64 (0.7.1-2) ...
Setting up node-sellside-emitter (1.2.1-3) ...
Setting up libsframe1:amd64 (2.42-4ubuntu2.10) ...
Setting up node-typedarray (0.0.7-1) ...
Setting up node-function-bind (1.1.2+~cs2.1.14-1) ...
Setting up libsnappy1v5:amd64 (1.1.10-1build1) ...
Setting up node-clone (2.1.2+~2.1.2-1) ...
Setting up node-p-map (4.0.0+~3.1.0+~3.0.1-1) ...
Setting up libcdio-cdda2t64:amd64 (10.2+2.0.1-1.1build2) ...
Setting up node-iferr (1.0.2+~1.0.2-1) ...
Setting up node-chownr (2.0.0-2) ...
Setting up node-has-flag (4.0.0-3) ...
Setting up node-estraverse (5.3.0+ds+~5.1.1-1) ...
Setting up node-regjsgen (0.7.1+ds-1) ...
Setting up librist4:amd64 (0.2.10+dfsg-2) ...
Setting up terser (5.19.2-1) ...
Setting up node-promzard (0.3.0-2) ...
Setting up node-lodash-packages (4.17.21+dfsg+~cs8.31.198.20210220-9) ...
Setting up python3-flufl.lock (5.0.1-5) ...
Setting up libafflib0t64:amd64 (3.7.20-1.1ubuntu5) ...
Setting up libsphinxbase3t64:amd64 (0.8+5prealpha+1-17build2) ...
Setting up node-json-schema-traverse (1.0.0-3) ...
Setting up tex-common (6.18) ...
update-language: texlive-base not installed and configured, doing nothing!
Setting up node-mime (3.0.0+dfsg+~cs6.97.2-1) ...
Setting up node-inherits (2.0.4-6) ...
Setting up node-path-is-absolute (2.0.0-2) ...
Setting up node-locate-path (7.1.1-2) ...
Setting up primer3 (2.6.1-4) ...
Setting up libpgm-5.3-0t64:amd64 (5.3.128~dfsg-2.1build1) ...
Setting up node-ini (3.0.1-2) ...
Setting up node-postcss-value-parser (4.2.0-1) ...
Setting up node-esrecurse (4.3.0-2) ...
Setting up node-is-descriptor (3.0.0-2) ...
Setting up node-safe-buffer (5.2.1+~cs2.1.2-3) ...
Setting up node-promise-inflight (1.0.1+~1.0.0-1) ...
Setting up libcoq-stdlib (8.18.0+dfsg-1build2) ...
Setting up python3-zope.hookable (6.0-1build1) ...
Setting up libplacebo338:amd64 (6.338.2-2build1) ...
Setting up libllvm17t64:amd64 (1:17.0.6-9ubuntu1) ...
Setting up python3-zope.i18nmessageid (6.1.0-2build1) ...
Setting up node-rechoir (0.8.0+~0.6.1-2) ...
Setting up node-json-parse-better-errors (1.0.2+~cs3.3.1-2) ...
Setting up node-unicode-canonical-property-names-ecmascript (2.0.0-2) ...
Setting up libzzip-0-13t64:amd64 (0.13.72+dfsg.1-1.2build1) ...
Setting up node-sprintf-js (1.1.2+ds1+~1.1.2-1) ...
Setting up node-flatted (3.2.7~ds-1) ...
Setting up libva2:amd64 (2.20.0-2ubuntu0.2) ...
Setting up node-y18n (5.0.8+~5.0.0-3) ...
Setting up node-fast-deep-equal (3.1.3-3) ...
Setting up node-defined (1.0.1+~1.0.0-1) ...
Setting up node-shebang-regex (3.0.0-2) ...
Setting up node-mime-types (2.1.35-2) ...
Setting up node-for-own (1.0.0-3) ...
Setting up node-err-code (2.0.3+dfsg-3) ...
Setting up node-resolve-from (5.0.0+~3.1.0+~3.3.0+~2.0.0-1) ...
Setting up node-re2:amd64 (1.20.10+~cs2.13.13-1) ...
Setting up libntlm0:amd64 (1.7-1build1) ...
Setting up ssl-cert (1.1.2ubuntu1) ...
Created symlink /etc/systemd/system/multi-user.target.wants/ssl-cert.service → /usr/lib/systemd/system/ssl-cert.service.
Setting up libgumbo2:amd64 (0.12.0+dfsg-2build1) ...
Setting up node-balanced-match (2.0.0-1) ...
Setting up node-convert-source-map (1.9.0+~1.5.2-1) ...
Setting up node-eslint-scope (7.1.1+~3.7.4-1) ...
Setting up libteckit0:amd64 (2.5.12+ds1-1) ...
Setting up node-brace-expansion (2.0.1+~1.1.0-1) ...
Setting up node-is-stream (3.0.0-4) ...
Setting up node-spdx-exceptions (2.3.0-2) ...
Setting up python3-greenlet (3.0.3-0ubuntu5.1) ...
Setting up node-ansi-escapes (5.0.0+really.4.3.1-1) ...
Setting up t1utils (1.41-4build3) ...
Setting up extundelete (0.2.4-3build2) ...
Setting up node-lcov-parse (1.0.0+20170612git80d039574ed9-6) ...
Setting up node-js-tokens (8.0.0-2) ...
Setting up r-base-core (4.3.3-2build2) ...

Creating config file /etc/R/Renviron with new version
Setting up libtexlua53-5:amd64 (2023.20230311.66589-9build3) ...
Setting up node-core-js (3.33.2-1build2) ...
Setting up node-interpret (2.2.0-3) ...
Setting up node-strip-ansi (6.0.1-2) ...
Setting up node-set-blocking (2.0.0-2) ...
Setting up libcdio-paranoia2t64:amd64 (10.2+2.0.1-1.1build2) ...
Setting up libstdlib-ocaml (4.14.1-1ubuntu1) ...
Setting up node-prr (1.0.1-3) ...
Setting up libdc1394-25:amd64 (2.2.6-4build1) ...
Setting up intel-media-va-driver:amd64 (24.1.0+dfsg1-1ubuntu0.2) ...
Setting up node-write (2.0.0~6.0.1+~3.0.4+~2.0.0+~1.0.0+~2.0.1-1) ...
Setting up node-ignore (5.2.1-1) ...
Setting up node-repeat-string (1.6.1+repack-1) ...
Setting up node-globals (13.23.0-1) ...
Setting up node-deep-is (0.1.4-1) ...
Setting up mailutils-common (1:3.17-1.1build3) ...
Setting up libgssglue1:amd64 (0.9-1build1) ...
Setting up libunibreak5:amd64 (5.1-2build1) ...
Setting up python3-psycopg2 (2.9.9-1build1) ...
Setting up ocaml-base (4.14.1-1ubuntu1) ...
Setting up node-signal-exit (4.1.0-6) ...
Setting up dbconfig-sqlite3 (2.0.24) ...
Setting up node-require-from-string (2.0.2+~1.2.1-1) ...
Setting up python3-flufl.i18n (5.0.2-1) ...
Setting up node-randombytes (2.1.0+~2.0.0-2) ...
Setting up python3-cbor2 (5.6.2-1build1) ...
Setting up node-which (2.0.2+~cs1.3.2-3) ...
Setting up python3-gunicorn (20.1.0-6ubuntu0.1) ...
Setting up libaacs0:amd64 (0.11.1-2build1) ...
Setting up libjxl0.7:amd64 (0.7.0-10.2ubuntu6.1) ...
Setting up r-cran-lattice (0.22-5-1build1) ...
Setting up pocketsphinx-en-us (0.8.0+real5prealpha+1-15ubuntu5) ...
Setting up node-source-map (0.7.0++dfsg2+really.0.6.1-15) ...
Setting up node-wrappy (1.0.2-3) ...
Setting up node-object-visit (1.0.1-5) ...
Setting up r-cran-nlme (3.1.164-1build1) ...
Setting up node-text-table (0.2.0-4) ...
Setting up libkpathsea6:amd64 (2023.20230311.66589-9build3) ...
Setting up node-require-directory (2.1.1+~2.1.2-1) ...
Setting up node-ip (2.0.0+~1.1.0-1ubuntu1) ...
Setting up node-quick-lru (6.1.1-4) ...
Setting up node-regenerator-runtime (0.15.2+~0.10.8-1) ...
Setting up libx265-199:amd64 (3.5-2build1) ...
Setting up librubberband2:amd64 (3.3.0+dfsg-2build1) ...
Setting up node-punycode (2.2.3-2) ...
Setting up libnotify-bin (0.8.3-1build2) ...
Setting up libgsasl18:amd64 (2.2.1-1willsync1ubuntu0.1) ...
Setting up node-css-selector-tokenizer (0.8.0+~cs4.8.3-1) ...
Setting up libsndio7.0:amd64 (1.9.0-0.3build3) ...
Setting up node-to-fast-properties (3.0.1-3) ...
Setting up node-defaults (1.0.4+~1.0.3-1) ...
Setting up node-memfs (3.4.12+~cs1.0.3-1) ...
Setting up node-mimic-response (3.1.0-8) ...
Setting up libbdplus0:amd64 (0.2.0-3build1) ...
Setting up libvidstab1.1:amd64 (1.1.0-2build1) ...
Setting up libjs-typedarray-to-buffer (4.0.0-2) ...
Setting up libsrt1.5-gnutls:amd64 (1.5.3-1build2) ...
Setting up libflite1:amd64 (2.2-6build3) ...
Setting up libdav1d7:amd64 (1.4.1-1build1) ...
Setting up libva-drm2:amd64 (2.20.0-2ubuntu0.2) ...
Setting up node-graceful-fs (4.2.10-1) ...
Setting up node-merge-stream (2.0.0+~1.1.2-2) ...
Setting up ocl-icd-libopencl1:amd64 (2.3.2-1build1) ...
Setting up node-is-path-cwd (2.2.0-2) ...
Setting up python3-dnspython (2.6.1-1ubuntu1) ...
Setting up libvdpau1:amd64 (1.5-2build1) ...
Setting up python3-lazr.config (3.0-1) ...
Setting up libbs2b0:amd64 (3.1.0+dfsg-7build1) ...
Setting up node-jsonify (0.0.1-1) ...
Setting up r-cran-cluster (2.1.6-1build1) ...
Setting up node-json-stable-stringify (1.0.2+repack1+~cs1.0.34-2) ...
Setting up libnsl2:amd64 (1.3.0-3build3) ...
Setting up node-fast-levenshtein (2.0.6+ds-3) ...
Setting up libjs-regenerate (1.4.2-3) ...
Setting up node-aproba (2.0.0-3) ...
Setting up node-unicode-property-aliases-ecmascript (2.1.0+ds-1) ...
Setting up node-binary-extensions (2.2.0-2) ...
Setting up node-espree (9.4.1~dfsg-2) ...
Setting up node-is-plain-object (5.0.0-7) ...
Setting up node-eslint-utils (3.0.0-3) ...
Setting up node-esprima (4.0.1+ds+~4.0.3-2) ...
Setting up libzimg2:amd64 (3.0.5+ds1-1build1) ...
Setting up node-path-dirname (1.0.2-2) ...
Setting up node-ip-regex (4.3.0+~4.1.1-1) ...
Setting up fonts-lmodern (2.005-1) ...
Setting up r-cran-nnet (7.3-19-2build1) ...
Setting up libewf2:amd64 (20140814-1build3) ...
Setting up libopenal-data (1:1.23.1-4build1) ...
Setting up python3-dateutil (2.8.2-3ubuntu1) ...
Setting up node-spdx-license-ids (3.0.12-1) ...
Setting up node-string-decoder (1.3.0-6) ...
Setting up node-is-path-inside (3.0.3-2) ...
Setting up node-esutils (2.0.3+~2.0.0-1) ...
Setting up node-time-stamp (2.2.0-2) ...
Setting up node-commondir (1.0.1+~1.0.0-1) ...
Setting up libjs-prettify (2015.12.04+dfsg-1.1) ...
Setting up python3-msgpack (1.0.3-3build2) ...
Setting up libjs-events (3.3.0+~3.0.0-3) ...
Setting up node-neo-async (2.6.2+~cs3.0.0-3) ...
Setting up node-mkdirp (1.0.4+~1.0.2-4) ...
Setting up node-run-queue (2.0.0-3) ...
Setting up node-core-util-is (1.0.3-1) ...
Setting up node-json-schema (0.4.0+~7.0.11-1) ...
Setting up node-uri-js (4.4.0+dfsg-8) ...
Setting up node-prelude-ls (1.2.1+dfsg-3) ...
Setting up gsasl-common (2.2.1-1willsync1ubuntu0.1) ...
Setting up node-minimatch (9.0.3-4build5) ...
Setting up node-es6-error (4.1.1-5) ...
Setting up node-cli-boxes (3.0.0-1build2) ...
Setting up asciinema (2.4.0-1) ...
Setting up mesa-va-drivers:amd64 (25.2.8-0ubuntu0.24.04.2) ...
Setting up python3-publicsuffix2 (2.20191221-3) ...
Setting up node-opener (1.5.2+~1.4.0-1) ...
Setting up node-archy (1.0.0-6) ...
Setting up libbinutils:amd64 (2.42-4ubuntu2.10) ...
Setting up libjs-async (0.8.0-6) ...
Setting up node-imurmurhash (0.1.4+dfsg+~0.1.1-2) ...
Setting up node-anymatch (3.1.3+~cs4.6.1-2) ...
Setting up node-set-immediate-shim (2.0.0-2) ...
Setting up libbluray2:amd64 (1:1.3.4-1build1) ...
Setting up node-foreground-child (3.1.1-2) ...
Setting up node-wordwrap (1.0.0-4) ...
Setting up libgfortran-13-dev:amd64 (13.3.0-6ubuntu2~24.04.1) ...
Setting up libva-x11-2:amd64 (2.20.0-2ubuntu0.2) ...
Setting up node-regexpp (3.2.0-5) ...
Setting up node-is-arrayish (0.3.2-3) ...
Setting up node-nopt (5.0.0-4) ...
Setting up ocaml-man (4.14.1-1ubuntu1) ...
Setting up node-base64-js (1.5.1+dfsg+~1.3.0-2) ...
Setting up node-map-visit (1.0.0-4) ...
Setting up node-esquery (1.4.2~ds-1) ...
Setting up node-npm-run-path (5.1.0+~4.0.0-8) ...
Setting up fonts-font-awesome (5.0.10+really4.7.0~dfsg-4.1) ...
Setting up sphinx-rtd-theme-common (2.0.0+dfsg-1) ...
Setting up node-is-buffer (2.0.5-2) ...
Setting up python3-mimeparse (1.6.0-3build1) ...
Setting up node-color-convert (2.0.1+~cs2.0.0-2) ...
Setting up libopenmpt0t64:amd64 (0.7.3-1.1build3) ...
Setting up node-lodash (4.17.21+dfsg+~cs8.31.198.20210220-9) ...
Setting up node-progress (2.0.3-2) ...
Setting up node-json5 (2.2.3+dfsg-1build1) ...
Setting up node-data-uri-to-buffer (5.0.1~0~2023071921-5) ...
Setting up libzvbi-common (0.2.42-2) ...
Setting up node-async-each (1.0.3-3) ...
Setting up python3-nacl (1.5.0-4build1) ...
Setting up libdate-manip-perl (6.95-1) ...
Setting up libblas-dev:amd64 (3.12.0-3build1.1) ...
update-alternatives: using /usr/lib/x86_64-linux-gnu/blas/libblas.so to provide /usr/lib/x86_64-linux-gnu/libblas.so (libblas.so-x86_64-linux-gnu) in auto mode
Setting up i965-va-driver:amd64 (2.4.1+dfsg1-1ubuntu0.2) ...
Setting up node-isarray (2.0.5-4) ...
Setting up node-osenv (0.1.5+~0.1.1-1) ...
Setting up python3-mako (1.3.2-1ubuntu0.1) ...
Setting up python3-flufl.bounce (4.0-4) ...
Setting up libbfio1:amd64 (20170123-6) ...
Setting up libsynctex2:amd64 (2023.20230311.66589-9build3) ...
Setting up node-is-plain-obj (3.0.0-2) ...
Setting up node-is-extglob (2.1.1-5) ...
Setting up node-tapable (2.2.1-3) ...
Setting up node-shebang-command (2.0.0-1) ...
Setting up libjs-is-typedarray (1.0.0-4) ...
Setting up node-regenerate (1.4.2-3) ...
Setting up libserd-0-0:amd64 (0.32.2-1) ...
Setting up node-lowercase-keys (2.0.0-2) ...
Setting up ncurses-term (6.4+20240113-1ubuntu2.1) ...
Setting up node-babel-plugin-add-module-exports (1.0.4+dfsg1~cs5.8.0-4) ...
Setting up node-decompress-response (6.0.0-2) ...
Setting up libmailutils9t64:amd64 (1:3.17-1.1build3) ...
Setting up node-process-nextick-args (2.0.1-3) ...
Setting up node-has-unicode (2.0.1-5) ...
Setting up gyp (0.1+20220404git9ecf45e-2) ...
Setting up libpotrace0:amd64 (1.16-2build1) ...
Setting up node-picocolors (1.0.0-4) ...
Setting up libctf0:amd64 (2.42-4ubuntu2.10) ...
Setting up mesa-vdpau-drivers:amd64 (25.2.8-0ubuntu0.24.04.2) ...
Setting up r-cran-codetools (0.2-19-1) ...
Setting up node-readable-stream (3.6.0+~cs3.0.0-4build1) ...
Setting up r-cran-boot (1.3-30-1) ...
Setting up node-is-glob (4.0.3-2) ...
Setting up node-lru-cache (7.14.1-1) ...
Setting up mailutils (1:3.17-1.1build3) ...
update-alternatives: using /usr/bin/frm.mailutils to provide /usr/bin/frm (frm) in auto mode
update-alternatives: using /usr/bin/from.mailutils to provide /usr/bin/from (from) in auto mode
update-alternatives: using /usr/bin/messages.mailutils to provide /usr/bin/messages (messages) in auto mode
update-alternatives: using /usr/bin/movemail.mailutils to provide /usr/bin/movemail (movemail) in auto mode
update-alternatives: using /usr/bin/readmsg.mailutils to provide /usr/bin/readmsg (readmsg) in auto mode
update-alternatives: using /usr/bin/dotlock.mailutils to provide /usr/bin/dotlock (dotlock) in auto mode
update-alternatives: using /usr/bin/mail.mailutils to provide /usr/bin/mailx (mailx) in auto mode
Setting up node-promise-retry (2.0.1-4) ...
Setting up node-supports-color (8.1.1+~8.1.1-1) ...
Setting up libzmq5:amd64 (4.3.5-1build2) ...
Setting up node-error-ex (1.3.2-4) ...
Setting up libzvbi0t64:amd64 (0.2.42-2) ...
Setting up node-once (1.4.1-1) ...
Setting up node-webpack-sources (3.2.3+~3.2.0-2) ...
Setting up node-n3 (1.16.3+~1.2.3+~1.10.4-1) ...
Setting up node-is-extendable (1.0.1-3) ...
Setting up python3-zope.schema (7.0.1-1) ...
Setting up libstdlib-ocaml-dev (4.14.1-1ubuntu1) ...
Setting up nginx (1.24.0-2ubuntu7.13) ...
 * Upgrading binary nginx                                                                                        [ OK ] 
Setting up node-doctrine (3.0.0-4) ...
Setting up python3-aiosmtpd (1.4.4.post2-1) ...
Setting up node-serialize-javascript (6.0.1-1) ...
Setting up r-cran-spatial (7.3-17-1build1) ...
Setting up python3-dkim (1.1.6-1) ...
Setting up node-set-value (4.1.0+~4.0.1-2) ...
Setting up node-ajv (8.12.0~ds+~2.1.1-4) ...
Setting up expect (5.45.4-3) ...
Setting up libstd-rust-1.75:amd64 (1.75.0+dfsg0ubuntu1-0ubuntu7.4) ...
Setting up node-are-we-there-yet (3.0.1+~1.1.0-1) ...
Setting up node-shell-quote (1.7.4+~1.7.1-1ubuntu0.24.04.1) ...
Setting up python3-spf (2.0.14-3) ...
/usr/lib/python3/dist-packages/spf.py:1724: SyntaxWarning: invalid escape sequence '\d'
  """Quote the value for a key-value pair in Received-SPF header field
Setting up node-errno (1.0.0-3) ...
Setting up dvisvgm (3.2.1+ds-1build1) ...
Setting up libfindlib-ocaml (1.9.6-1build4) ...
Setting up node-find-up (6.3.0-7) ...
Setting up r-cran-mass (7.3-60.0.1-1) ...
Setting up node-kind-of (6.0.3+dfsg-2) ...
Setting up node-growl (1.10.5-4) ...
Setting up libavutil58:amd64 (7:6.1.1-3ubuntu5) ...
Setting up python3-falcon (3.1.1-2build2) ...
Setting up node-is-binary-path (2.1.0-5) ...
Setting up libopenal1:amd64 (1:1.23.1-4build1) ...
Setting up node-events (3.3.0+~3.0.0-3) ...
Setting up libzarith-ocaml (1.13-2build4) ...
Setting up mupdf-tools (1.23.10+ds1-1build3) ...
Setting up r-cran-foreign (0.8.86-1build1) ...
Setting up node-minimist (1.2.8+~cs5.3.5-1) ...
Setting up ledit (2.04-7build5) ...
update-alternatives: using /usr/bin/ledit to provide /usr/bin/readline-editor (readline-editor) in auto mode
Setting up node-browserslist (4.22.1+~cs6.1.28-1) ...
Setting up gfortran-13-x86-64-linux-gnu (13.3.0-6ubuntu2~24.04.1) ...
Setting up node-argparse (2.0.1-2) ...
Setting up python3-zope.component (6.0-0.2) ...
Setting up node-fancy-log (1.3.3+~cs1.3.1-2) ...
Setting up python3-sqlalchemy (1.4.50+ds1-1build1) ...
Setting up node-define-property (2.0.2+really+2.0.2-3) ...
Setting up node-wcwidth.js (1.0.2-2) ...
Setting up libpocketsphinx3:amd64 (0.8.0+real5prealpha+1-15ubuntu5) ...
Setting up libvmdk1:amd64 (20200926-2build5) ...
Setting up node-resolve-cwd (3.0.0-2) ...
Setting up node-fetch (3.3.2+~cs11.4.11-1) ...
Setting up libcompiler-libs-ocaml-dev (4.14.1-1ubuntu1) ...
Setting up python3-sqlalchemy-ext:amd64 (1.4.50+ds1-1build1) ...
Setting up node-source-map-support (0.5.21+ds+~0.5.4-1) ...
Setting up libstd-rust-dev:amd64 (1.75.0+dfsg0ubuntu1-0ubuntu7.4) ...
Setting up node-babel7-runtime (7.20.15+ds1+~cs214.269.168-6build1) ...
Setting up node-iconv-lite (0.6.3-3) ...
Setting up node-type-check (0.4.0+dfsg-3) ...
Setting up libgprofng0:amd64 (2.42-4ubuntu2.10) ...
Setting up node-unique-filename (1.1.1+ds-2) ...
Setting up ocaml-interp (4.14.1-1ubuntu1) ...
Setting up libptexenc1:amd64 (2023.20230311.66589-9build3) ...
Setting up r-base-html (4.3.3-2build2) ...
Setting up libass9:amd64 (1:0.17.1-2build1) ...
Setting up node-unicode-match-property-ecmascript (2.0.0-2) ...
Setting up python3-authheaders (0.16.2-1) ...
Setting up node-ansi-styles (6.2.1-2) ...
Setting up node-readdirp (3.6.0-1) ...
Setting up libswresample4:amd64 (7:6.1.1-3ubuntu5) ...
Setting up va-driver-all:amd64 (2.20.0-2ubuntu0.2) ...
Setting up gfortran-13 (13.3.0-6ubuntu2~24.04.1) ...
Setting up node-pkg-dir (5.0.0-2) ...
Setting up ocaml-findlib (1.9.6-1build4) ...
Setting up liblapack-dev:amd64 (3.12.0-3build1.1) ...
update-alternatives: using /usr/lib/x86_64-linux-gnu/lapack/liblapack.so to provide /usr/lib/x86_64-linux-gnu/liblapack.so (liblapack.so-x86_64-linux-gnu) in auto mode
Setting up node-collection-visit (1.0.0-4) ...
Setting up node-restore-cursor (4.0.0-4) ...
Setting up node-async (0.8.0-6) ...
Setting up node-optimist (0.6.1+~0.0.30-2) ...
Setting up node-chalk (5.3.0-1build1) ...
Setting up node-spdx-expression-parse (3.0.1+~3.0.1-1) ...
Setting up node-mixin-deep (2.0.1-3) ...
Setting up r-cran-matrix (1.6-5-1) ...
Setting up python3-zope.configuration (5.0-1) ...
Setting up node-memory-fs (0.5.0+~0.3.3-2) ...
Setting up libavcodec60:amd64 (7:6.1.1-3ubuntu5) ...
Setting up node-concat-stream (2.0.0+~2.0.0-2) ...
Setting up r-cran-kernsmooth (2.23-22-1build1) ...
Setting up node-is-typedarray (1.0.0-4) ...
Setting up postfix (3.8.6-1ubuntu0.1) ...
info: Selecting GID from range 100 to 999 ...
info: Adding group `postfix' (GID 111) ...
info: Selecting UID from range 100 to 999 ...

info: Adding system user `postfix' (UID 107) ...
info: Adding new user `postfix' (UID 107) with group `postfix' ...
info: Not creating home directory `/var/spool/postfix'.
Creating /etc/postfix/dynamicmaps.cf
info: Selecting GID from range 100 to 999 ...
info: Adding group `postdrop' (GID 112) ...
setting myhostname: yoo-dev.localdomain
setting alias maps
setting alias database
changing /etc/mailname to yoo-dev.localdomain
setting myorigin
setting destinations: $myhostname, yoo-dev.localdomain, localhost.localdomain, localhost
setting relayhost: 
setting mynetworks: 127.0.0.0/8 [::ffff:127.0.0.0]/104 [::1]/128
setting mailbox_size_limit: 0
setting recipient_delimiter: +
setting inet_interfaces: loopback-only
setting default_transport: error
setting relay_transport: error
setting inet_protocols: all
/etc/aliases does not exist, creating it.
WARNING: /etc/aliases exists, but does not have a root alias.

Postfix (main.cf) is now set up with a default configuration.  If you need to 
make changes, edit /etc/postfix/main.cf (and others) as needed.  To view 
Postfix configuration values, see postconf(1).

After modifying main.cf, be sure to run 'systemctl reload postfix'.

Running newaliases
Created symlink /etc/systemd/system/multi-user.target.wants/postfix.service → /usr/lib/systemd/system/postfix.service.
Setting up r-cran-mgcv (1.9-1-1) ...
Setting up vdpau-driver-all:amd64 (1.5-2build1) ...
Setting up texlive-binaries (2023.20230311.66589-9build3) ...
update-alternatives: using /usr/bin/xdvi-xaw to provide /usr/bin/xdvi.bin (xdvi.bin) in auto mode
update-alternatives: using /usr/bin/bibtex.original to provide /usr/bin/bibtex (bibtex) in auto mode
Setting up node-regenerate-unicode-properties (10.1.0+ds-1) ...
Setting up libcoq-core-ocaml (8.18.0+dfsg-1build2) ...
Setting up node-inflight (1.0.6-2) ...
Setting up python3-alembic (1.13.1-3) ...
Setting up libsord-0-0:amd64 (0.16.16-2build1) ...
Setting up lmodern (2.005-1) ...
Setting up libpostproc57:amd64 (7:6.1.1-3ubuntu5) ...
Setting up libsratom-0-0:amd64 (0.6.16-1build1) ...
Setting up node-hosted-git-info (6.1.1-2) ...
Setting up node-glob-parent (6.0.2+~5.1.1-2) ...
Setting up node-enhanced-resolve (5.15.0-1) ...
Setting up node-postcss (8.4.31+~cs8.0.26-1) ...
Setting up node-has-values (2.0.1-4) ...
Setting up node-jest-worker (29.6.2~ds1+~cs73.45.28-5) ...
Setting up node-encoding (0.1.13-2) ...
Setting up libtsk19t64:amd64 (4.12.1+dfsg-1.1ubuntu2) ...
Setting up node-js-yaml (4.1.0+dfsg+~4.0.5-7) ...
Setting up node-postcss-modules-extract-imports (3.0.0-2) ...
Setting up mailman3 (3.3.8-3.1ubuntu0.1) ...
dbconfig-common: writing config to /etc/dbconfig-common/mailman3.conf

Creating config file /etc/dbconfig-common/mailman3.conf with new version
creating database mailman.db: success.
verifying database mailman.db exists: success.

Creating config file /etc/mailman3/mailman.cfg with new version
Created symlink /etc/systemd/system/multi-user.target.wants/mailman3.service → /usr/lib/systemd/system/mailman3.service.
Setting up texlive-base (2023.20240207-1) ...
mktexlsr: Updating /var/lib/texmf/ls-R-TEXLIVEDIST... 
mktexlsr: Updating /var/lib/texmf/ls-R-TEXMFMAIN... 
mktexlsr: Updating /var/lib/texmf/ls-R... 
mktexlsr: Done.
tl-paper: setting paper size for dvips to a4: /var/lib/texmf/dvips/config/config-paper.ps
tl-paper: setting paper size for dvipdfmx to a4: /var/lib/texmf/dvipdfmx/dvipdfmx-paper.cfg
tl-paper: setting paper size for xdvi to a4: /var/lib/texmf/xdvi/XDvi-paper
tl-paper: setting paper size for pdftex to a4: /var/lib/texmf/tex/generic/tex-ini-files/pdftexconfig.tex
tl-paper: setting paper size for context to letter: /var/lib/texmf/tex/context/user/cont-sys-paper.tex
tl-paper: setting paper size for dvipdfmx to letter: /var/lib/texmf/dvipdfmx/dvipdfmx-paper.cfg
tl-paper: setting paper size for dvips to letter: /var/lib/texmf/dvips/config/config-paper.ps
tl-paper: setting paper size for pdftex to letter: /var/lib/texmf/tex/generic/tex-ini-files/pdftexconfig.tex
tl-paper: setting paper size for xdvi to letter: /var/lib/texmf/xdvi/XDvi-paper
Setting up liblilv-0-0:amd64 (0.24.22-1build1) ...
Setting up node-slice-ansi (5.0.0+~cs9.0.0-5) ...
Setting up libswscale7:amd64 (7:6.1.1-3ubuntu5) ...
Setting up node-string-width (4.2.3+~cs13.2.3-1) ...
Setting up binutils-x86-64-linux-gnu (2.42-4ubuntu2.10) ...
Setting up node-semver (7.5.4+~7.5.0-2) ...
Setting up node-fs-write-stream-atomic (1.0.10-6) ...
Setting up node-builtins (5.0.1-1) ...
Setting up node-cli-cursor (4.0.0-3) ...
Setting up handlebars (3:4.7.7+~4.1.0-1) ...
Setting up node-regexpu-core (5.2.2-3) ...
Setting up node-union-value (2.0.1-4) ...
Setting up node-is-number (7.0.0-4) ...
Setting up node-end-of-stream (1.4.4+~1.4.1-1) ...
Setting up r-cran-class (7.3-22-2build1) ...
Setting up node-pump (3.0.0-5) ...
Setting up node-ajv-keywords (5.1.0-4) ...
Setting up node-columnify (1.6.0+~1.5.1-1) ...
Setting up node-regenerator-transform (0.15.2+~0.10.8-1) ...
Setting up node-core-js-compat (3.33.2-1build2) ...
Setting up node-clone-deep (4.0.1+~cs7.0.2-1) ...
Setting up r-cran-survival (3.5-8-1) ...
Setting up binutils (2.42-4ubuntu2.10) ...
Setting up libavformat60:amd64 (7:6.1.1-3ubuntu5) ...
Setting up ocaml (4.14.1-1ubuntu1) ...
Setting up libavfilter9:amd64 (7:6.1.1-3ubuntu5) ...
Setting up gfortran-x86-64-linux-gnu (4:13.2.0-7ubuntu1) ...
Setting up gfortran (4:13.2.0-7ubuntu1) ...
update-alternatives: using /usr/bin/gfortran to provide /usr/bin/f95 (f95) in auto mode
update-alternatives: warning: skip creation of /usr/share/man/man1/f95.1.gz because associated file /usr/share/man/man1/gfortran.1.gz (of link group f95) doesn't exist
update-alternatives: using /usr/bin/gfortran to provide /usr/bin/f77 (f77) in auto mode
update-alternatives: warning: skip creation of /usr/share/man/man1/f77.1.gz because associated file /usr/share/man/man1/gfortran.1.gz (of link group f77) doesn't exist
Setting up node-coveralls (3.1.1-2build1) ...
Setting up node-make-dir (3.1.0-3) ...
Setting up node-validate-npm-package-name (5.0.0+~4.0.0-1) ...
Setting up node-levn (0.4.1+dfsg-2) ...
Setting up node-spdx-correct (3.1.1-2) ...
Setting up node-wrap-ansi (8.0.1+~8.0.1-3) ...
Setting up texlive-latex-base (2023.20240207-1) ...
Setting up node-glob (8.1.0+~cs8.5.15-1) ...
Setting up node-get-stream (6.0.1-1) ...
Setting up node-widest-line (3.1.0-2) ...
Setting up node-icss-utils (5.1.0+~5.1.0-1) ...
Setting up node-got (11.8.5+~cs58.13.36-3) ...
Setting up node-schema-utils (4.2.0~ds-3build3) ...
Setting up node-typedarray-to-buffer (4.0.0-2) ...
Setting up libfindlib-ocaml-dev (1.9.6-1build4) ...
Setting up node-cli-table (0.3.11+~cs0.13.4-3) ...
Setting up sleuthkit (4.12.1+dfsg-1.1ubuntu2) ...
Setting up rustc (1.75.0+dfsg0ubuntu1-0ubuntu7.4) ...
Setting up coq (8.18.0+dfsg-1build2) ...
Setting up node-minipass (3.3.6+~cs9.4.19-1) ...
Setting up node-has-value (2.0.2-4) ...
Setting up node-cli-truncate (2.1.0-5) ...
Setting up node-wide-align (1.1.3-4) ...
Setting up node-npm-package-arg (10.0.0+~3.0.0-2) ...
Setting up node-unset-value (2.0.1-1) ...
Setting up node-cliui (7.0.4+repack+~cs3.1.0-4) ...
Setting up node-rimraf (3.0.2-2) ...
Setting up node-postcss-modules-values (4.0.0+~4.0.0-1) ...
Setting up node-validate-npm-package-license (3.0.4-2) ...
Setting up node-optionator (0.9.1+dfsg+~cs1.2.3-1) ...
Setting up node-ssri (9.0.1-2) ...
Setting up node-yargs (16.2.0+~16.0.4-7) ...
Setting up node-to-regex-range (5.0.1-4) ...
Setting up node-flat-cache (3.0.4~6.0.1+~3.0.4+~2.0.0+~1.0.0+~2.0.1-1) ...
Setting up r-base-dev (4.3.3-2build2) ...
Setting up node-write-file-atomic (4.0.2+~4.0.0-2) ...
Setting up node-copy-concurrently (1.0.5-9) ...
Setting up r-cran-rpart (4.1.23-1build1) ...
Setting up node-move-concurrently (1.0.1-5) ...
Setting up libavdevice60:amd64 (7:6.1.1-3ubuntu5) ...
Setting up node-gauge (4.0.4-2) ...
Setting up node-file-entry-cache (6.0.1+~3.0.4+~2.0.0+~1.0.0+~2.0.1-1) ...
Setting up node-normalize-package-data (4.0.1+~2.4.1-1) ...
Setting up node-cache-base (4.0.2-1) ...
Setting up node-escodegen (2.1.0+dfsg+~0.0.8-1) ...
Setting up node-tap-parser (11.0.2+~cs2.1.4-1) ...
Setting up node-tar (6.1.13+~cs7.0.5-3) ...
Setting up ffmpeg (7:6.1.1-3ubuntu5) ...
Setting up node-npmlog (7.0.1+~4.1.4-1) ...
Setting up r-recommended (4.3.3-2build2) ...
Setting up node-fill-range (7.0.1+~7.0.0-1) ...
Setting up node-cacache (17.0.3+~cs10.3.7-1) ...
Setting up node-read-package-json (5.0.2+~2.0.0-1) ...
Setting up node-base (3.0.0-3) ...
Setting up eslint (6.4.0~dfsg+~6.1.9-11build3) ...
Setting up node-tap-mocha-reporter (5.0.3+~2.0.2-2) ...
Setting up r-base (4.3.3-2build2) ...
Setting up node-npm-bundled (2.0.1-2) ...
Setting up node-gyp (9.3.0-3) ...
Setting up node-braces (3.0.2+~3.0.1-1) ...
Setting up node-chokidar (3.6.0-2) ...
Setting up node-watchpack (2.4.0+~cs2.8.1-1) ...
Setting up node-micromatch (4.0.5+~4.0.2-1) ...
Setting up node-globby (13.1.3+~cs16.25.40-2) ...
Setting up node-del (7.0.0-5) ...
Setting up node-find-cache-dir (3.3.2+~3.2.1-1) ...
Setting up node-babel-helper-define-polyfill-provider (0.3.3~0~20220913+ds1-1) ...
Setting up node-babel-plugin-polyfill-corejs3 (0.6.0~0~20220913+ds1-1) ...
Setting up node-babel-plugin-polyfill-corejs2 (0.3.3~0~20220913+ds1-1) ...
Setting up node-define-properties (1.2.1+~cs2.2.3-1) ...
Setting up libjs-util (0.12.5+~1.0.10-1) ...
Setting up node-babel-plugin-polyfill-regenerator (0.4.1~0~20220913+ds1-1) ...
Setting up node-babel7 (7.20.15+ds1+~cs214.269.168-6build1) ...
update-alternatives: using /usr/bin/babeljs-7 to provide /usr/bin/babeljs (babeljs) in auto mode
update-alternatives: using /usr/bin/babeljs-7-external-helpers to provide /usr/bin/babeljs-external-helpers (babeljs-external-helpers) in auto mode
update-alternatives: using /usr/bin/babeljs-7-node to provide /usr/bin/babeljs-node (babeljs-node) in auto mode
update-alternatives: using /usr/bin/babeljs-7-parser to provide /usr/bin/babeljs-parser (babeljs-parser) in auto mode
Setting up node-debbundle-es-to-primitive (1.2.1+~cs9.7.25-2) ...
Setting up node-es-abstract (1.20.4+~cs26.27.47-1) ...
Setting up node-webassemblyjs (1.11.4+dfsg+~cs10.11.17-2) ...
Setting up node-util (0.12.5+~1.0.10-1) ...
Setting up node-babel-plugin-lodash (3.3.4+~cs2.0.1-7) ...
Setting up node-jest-debbundle (29.6.2~ds1+~cs73.45.28-5) ...
Setting up node-assert (2.0.0+~cs3.9.8-2) ...
Setting up webpack (5.76.1+dfsg1+~cs17.16.16-1) ...
Setting up node-parse-json (5.2.0+~cs5.1.7-1) ...
Setting up node-read-pkg (5.2.0-2) ...
Setting up node-istanbul (0.4.5+repack10+~cs98.25.59-2) ...
Setting up node-tape (5.6.1+~cs8.20.19-1) ...
Setting up node-css-loader (6.8.1+~cs14.0.17-1) ...
Setting up node-tap (16.3.7+ds1+~cs50.9.19-4) ...
Setting up node-deep-equal (2.2.3+~cs43.15.94-1) ...
Setting up npm (9.2.0~ds1-2) ...
Processing triggers for libc-bin (2.39-0ubuntu8.7) ...
Processing triggers for ccache (4.9.1-1) ...
Updating symlinks in /usr/lib/ccache ...
Processing triggers for rsyslog (8.2312.0-3ubuntu9.1) ...
Processing triggers for man-db (2.12.0-4build2) ...
Processing triggers for debianutils (5.17build1) ...
Processing triggers for install-info (7.1-3build2) ...
Processing triggers for fontconfig (2.15.0-1.1ubuntu2) ...
Processing triggers for desktop-file-utils (0.27-2build1) ...
Processing triggers for hicolor-icon-theme (0.17-2) ...
Processing triggers for tex-common (6.18) ...
Running updmap-sys. This may take some time... done.
Running mktexlsr /var/lib/texmf ... done.
Building format(s) --all.
	This may take some time... done.
[21:10:58] Host setup complete.
